State,Dataset,Bin,Count,Proportion
AZ,New,<50,18,0.0089
AZ,New,50-60,23,0.0114
AZ,New,60-70,41,0.0203
AZ,New,70-80,116,0.0576
AZ,New,80-85,139,0.069
AZ,New,85-86,46,0.0228
AZ,New,86-87,51,0.0253
AZ,New,87-88,60,0.0298
AZ,New,88-89,75,0.0372
AZ,New,89-90,68,0.0337
AZ,New,90-91,90,0.0447
AZ,New,91-92,94,0.0467
AZ,New,92-93,110,0.0546
AZ,New,93-94,123,0.061
AZ,New,94-95,133,0.066
AZ,New,95-96,161,0.0799
AZ,New,96-97,155,0.0769
AZ,New,97-98,132,0.0655
AZ,New,98-99,139,0.069
AZ,New,99-100,241,0.1196
AZ,Old,<50,26,0.0112
AZ,Old,50-60,34,0.0147
AZ,Old,60-70,57,0.0246
AZ,Old,70-80,127,0.0549
AZ,Old,80-85,153,0.0661
AZ,Old,85-86,51,0.022
AZ,Old,86-87,62,0.0268
AZ,Old,87-88,49,0.0212
AZ,Old,88-89,63,0.0272
AZ,Old,89-90,77,0.0333
AZ,Old,90-91,93,0.0402
AZ,Old,91-92,101,0.0436
AZ,Old,92-93,110,0.0475
AZ,Old,93-94,123,0.0532
AZ,Old,94-95,145,0.0627
AZ,Old,95-96,164,0.0709
AZ,Old,96-97,168,0.0726
AZ,Old,97-98,168,0.0726
AZ,Old,98-99,184,0.0795
AZ,Old,99-100,359,0.1551
CA,New,<50,85,0.0132
CA,New,50-60,20,0.0031
CA,New,60-70,18,0.0028
CA,New,70-80,39,0.0061
CA,New,80-85,29,0.0045
CA,New,85-86,8,0.0012
CA,New,86-87,20,0.0031
CA,New,87-88,13,0.002
CA,New,88-89,23,0.0036
CA,New,89-90,22,0.0034
CA,New,90-91,37,0.0058
CA,New,91-92,35,0.0054
CA,New,92-93,50,0.0078
CA,New,93-94,73,0.0113
CA,New,94-95,94,0.0146
CA,New,95-96,1297,0.2016
CA,New,96-97,217,0.0337
CA,New,97-98,422,0.0656
CA,New,98-99,2565,0.3987
CA,New,99-100,1367,0.2125
CA,Old,<50,84,0.0127
CA,Old,50-60,21,0.0032
CA,Old,60-70,24,0.0036
CA,Old,70-80,37,0.0056
CA,Old,80-85,48,0.0072
CA,Old,85-86,9,0.0014
CA,Old,86-87,19,0.0029
CA,Old,87-88,17,0.0026
CA,Old,88-89,25,0.0038
CA,Old,89-90,22,0.0033
CA,Old,90-91,36,0.0054
CA,Old,91-92,52,0.0079
CA,Old,92-93,71,0.0107
CA,Old,93-94,83,0.0125
CA,Old,94-95,133,0.0201
CA,Old,95-96,1380,0.2084
CA,Old,96-97,265,0.04
CA,Old,97-98,407,0.0615
CA,Old,98-99,2629,0.397
CA,Old,99-100,1261,0.1904
CO,New,<50,91,0.0185
CO,New,50-60,50,0.0102
CO,New,60-70,95,0.0193
CO,New,70-80,261,0.053
CO,New,80-85,328,0.0667
CO,New,85-86,104,0.0211
CO,New,86-87,91,0.0185
CO,New,87-88,134,0.0272
CO,New,88-89,135,0.0274
CO,New,89-90,119,0.0242
CO,New,90-91,192,0.039
CO,New,91-92,197,0.04
CO,New,92-93,260,0.0528
CO,New,93-94,306,0.0622
CO,New,94-95,302,0.0614
CO,New,95-96,386,0.0784
CO,New,96-97,439,0.0892
CO,New,97-98,442,0.0898
CO,New,98-99,258,0.0524
CO,New,99-100,731,0.1485
CO,Old,<50,56,0.0118
CO,Old,50-60,37,0.0078
CO,Old,60-70,92,0.0194
CO,Old,70-80,222,0.0469
CO,Old,80-85,298,0.0629
CO,Old,85-86,81,0.0171
CO,Old,86-87,90,0.019
CO,Old,87-88,109,0.023
CO,Old,88-89,121,0.0255
CO,Old,89-90,121,0.0255
CO,Old,90-91,211,0.0446
CO,Old,91-92,192,0.0405
CO,Old,92-93,246,0.0519
CO,Old,93-94,289,0.061
CO,Old,94-95,330,0.0697
CO,Old,95-96,397,0.0838
CO,Old,96-97,434,0.0916
CO,Old,97-98,431,0.091
CO,Old,98-99,276,0.0583
CO,Old,99-100,703,0.1484
CT,New,<50,0,0.0
CT,New,50-60,0,0.0
CT,New,60-70,2,0.0025
CT,New,70-80,6,0.0076
CT,New,80-85,4,0.0051
CT,New,85-86,1,0.0013
CT,New,86-87,1,0.0013
CT,New,87-88,2,0.0025
CT,New,88-89,0,0.0
CT,New,89-90,2,0.0025
CT,New,90-91,3,0.0038
CT,New,91-92,12,0.0153
CT,New,92-93,8,0.0102
CT,New,93-94,17,0.0216
CT,New,94-95,23,0.0293
CT,New,95-96,34,0.0433
CT,New,96-97,60,0.0763
CT,New,97-98,78,0.0992
CT,New,98-99,134,0.1705
CT,New,99-100,399,0.5076
CT,Old,<50,0,0.0
CT,Old,50-60,0,0.0
CT,Old,60-70,2,0.0025
CT,Old,70-80,7,0.0087
CT,Old,80-85,6,0.0075
CT,Old,85-86,3,0.0037
CT,Old,86-87,2,0.0025
CT,Old,87-88,3,0.0037
CT,Old,88-89,6,0.0075
CT,Old,89-90,4,0.005
CT,Old,90-91,8,0.0099
CT,Old,91-92,5,0.0062
CT,Old,92-93,14,0.0174
CT,Old,93-94,15,0.0186
CT,Old,94-95,23,0.0286
CT,Old,95-96,30,0.0373
CT,Old,96-97,55,0.0683
CT,Old,97-98,116,0.1441
CT,Old,98-99,146,0.1814
CT,Old,99-100,360,0.4472
IN,New,<50,14,0.0034
IN,New,50-60,19,0.0047
IN,New,60-70,60,0.0147
IN,New,70-80,175,0.0429
IN,New,80-85,242,0.0593
IN,New,85-86,85,0.0208
IN,New,86-87,67,0.0164
IN,New,87-88,87,0.0213
IN,New,88-89,128,0.0313
IN,New,89-90,119,0.0291
IN,New,90-91,176,0.0431
IN,New,91-92,188,0.046
IN,New,92-93,212,0.0519
IN,New,93-94,233,0.0571
IN,New,94-95,281,0.0688
IN,New,95-96,308,0.0754
IN,New,96-97,366,0.0896
IN,New,97-98,365,0.0894
IN,New,98-99,267,0.0654
IN,New,99-100,692,0.1694
IN,Old,<50,7,0.0017
IN,Old,50-60,18,0.0044
IN,Old,60-70,51,0.0125
IN,Old,70-80,156,0.0383
IN,Old,80-85,235,0.0578
IN,Old,85-86,72,0.0177
IN,Old,86-87,80,0.0197
IN,Old,87-88,100,0.0246
IN,Old,88-89,111,0.0273
IN,Old,89-90,111,0.0273
IN,Old,90-91,163,0.0401
IN,Old,91-92,193,0.0474
IN,Old,92-93,223,0.0548
IN,Old,93-94,251,0.0617
IN,Old,94-95,247,0.0607
IN,Old,95-96,343,0.0843
IN,Old,96-97,368,0.0905
IN,Old,97-98,369,0.0907
IN,Old,98-99,336,0.0826
IN,Old,99-100,634,0.1559
KS,New,<50,1,0.0041
KS,New,50-60,7,0.0288
KS,New,60-70,12,0.0494
KS,New,70-80,24,0.0988
KS,New,80-85,29,0.1193
KS,New,85-86,7,0.0288
KS,New,86-87,10,0.0412
KS,New,87-88,6,0.0247
KS,New,88-89,5,0.0206
KS,New,89-90,7,0.0288
KS,New,90-91,17,0.07
KS,New,91-92,8,0.0329
KS,New,92-93,6,0.0247
KS,New,93-94,25,0.1029
KS,New,94-95,7,0.0288
KS,New,95-96,7,0.0288
KS,New,96-97,25,0.1029
KS,New,97-98,3,0.0123
KS,New,98-99,4,0.0165
KS,New,99-100,33,0.1358
KS,Old,<50,3,0.0124
KS,Old,50-60,4,0.0165
KS,Old,60-70,12,0.0496
KS,Old,70-80,16,0.0661
KS,Old,80-85,39,0.1612
KS,Old,85-86,8,0.0331
KS,Old,86-87,9,0.0372
KS,Old,87-88,5,0.0207
KS,Old,88-89,3,0.0124
KS,Old,89-90,5,0.0207
KS,Old,90-91,21,0.0868
KS,Old,91-92,4,0.0165
KS,Old,92-93,10,0.0413
KS,Old,93-94,15,0.062
KS,Old,94-95,6,0.0248
KS,Old,95-96,10,0.0413
KS,Old,96-97,28,0.1157
KS,Old,97-98,8,0.0331
KS,Old,98-99,0,0.0
KS,Old,99-100,36,0.1488
KY,New,<50,21,0.0134
KY,New,50-60,8,0.0051
KY,New,60-70,20,0.0127
KY,New,70-80,56,0.0356
KY,New,80-85,84,0.0535
KY,New,85-86,29,0.0185
KY,New,86-87,21,0.0134
KY,New,87-88,34,0.0216
KY,New,88-89,49,0.0312
KY,New,89-90,47,0.0299
KY,New,90-91,54,0.0344
KY,New,91-92,57,0.0363
KY,New,92-93,82,0.0522
KY,New,93-94,92,0.0586
KY,New,94-95,102,0.0649
KY,New,95-96,135,0.0859
KY,New,96-97,145,0.0923
KY,New,97-98,180,0.1146
KY,New,98-99,126,0.0802
KY,New,99-100,229,0.1458
KY,Old,<50,59,0.0367
KY,Old,50-60,19,0.0118
KY,Old,60-70,36,0.0224
KY,Old,70-80,59,0.0367
KY,Old,80-85,81,0.0504
KY,Old,85-86,15,0.0093
KY,Old,86-87,30,0.0187
KY,Old,87-88,25,0.0156
KY,Old,88-89,33,0.0205
KY,Old,89-90,43,0.0268
KY,Old,90-91,55,0.0342
KY,Old,91-92,49,0.0305
KY,Old,92-93,99,0.0616
KY,Old,93-94,76,0.0473
KY,Old,94-95,91,0.0567
KY,Old,95-96,106,0.066
KY,Old,96-97,160,0.0996
KY,Old,97-98,139,0.0866
KY,Old,98-99,131,0.0816
KY,Old,99-100,300,0.1868
LA,New,<50,2,0.001
LA,New,50-60,3,0.0015
LA,New,60-70,20,0.0098
LA,New,70-80,55,0.0269
LA,New,80-85,79,0.0386
LA,New,85-86,31,0.0152
LA,New,86-87,38,0.0186
LA,New,87-88,39,0.0191
LA,New,88-89,42,0.0205
LA,New,89-90,28,0.0137
LA,New,90-91,65,0.0318
LA,New,91-92,65,0.0318
LA,New,92-93,98,0.0479
LA,New,93-94,73,0.0357
LA,New,94-95,100,0.0489
LA,New,95-96,124,0.0606
LA,New,96-97,166,0.0811
LA,New,97-98,177,0.0865
LA,New,98-99,212,0.1036
LA,New,99-100,629,0.3074
LA,Old,<50,2,0.001
LA,Old,50-60,3,0.0015
LA,Old,60-70,20,0.0098
LA,Old,70-80,55,0.0269
LA,Old,80-85,79,0.0386
LA,Old,85-86,31,0.0152
LA,Old,86-87,38,0.0186
LA,Old,87-88,39,0.0191
LA,Old,88-89,42,0.0205
LA,Old,89-90,28,0.0137
LA,Old,90-91,65,0.0318
LA,Old,91-92,65,0.0318
LA,Old,92-93,98,0.0479
LA,Old,93-94,73,0.0357
LA,Old,94-95,100,0.0489
LA,Old,95-96,124,0.0606
LA,Old,96-97,166,0.0812
LA,Old,97-98,177,0.0866
LA,Old,98-99,212,0.1037
LA,Old,99-100,628,0.3071
MA,New,<50,2,0.0012
MA,New,50-60,3,0.0017
MA,New,60-70,1,0.0006
MA,New,70-80,10,0.0058
MA,New,80-85,19,0.011
MA,New,85-86,3,0.0017
MA,New,86-87,2,0.0012
MA,New,87-88,5,0.0029
MA,New,88-89,8,0.0046
MA,New,89-90,23,0.0133
MA,New,90-91,19,0.011
MA,New,91-92,28,0.0162
MA,New,92-93,28,0.0162
MA,New,93-94,43,0.0249
MA,New,94-95,50,0.0289
MA,New,95-96,67,0.0388
MA,New,96-97,94,0.0544
MA,New,97-98,195,0.1128
MA,New,98-99,245,0.1418
MA,New,99-100,883,0.511
MA,Old,<50,3,0.0018
MA,Old,50-60,0,0.0
MA,Old,60-70,1,0.0006
MA,Old,70-80,13,0.0076
MA,Old,80-85,27,0.0158
MA,Old,85-86,9,0.0053
MA,Old,86-87,2,0.0012
MA,Old,87-88,10,0.0059
MA,Old,88-89,13,0.0076
MA,Old,89-90,11,0.0064
MA,Old,90-91,13,0.0076
MA,Old,91-92,26,0.0152
MA,Old,92-93,33,0.0193
MA,Old,93-94,39,0.0228
MA,Old,94-95,53,0.031
MA,Old,95-96,80,0.0468
MA,Old,96-97,87,0.0509
MA,Old,97-98,164,0.096
MA,Old,98-99,262,0.1534
MA,Old,99-100,862,0.5047
MD,New,<50,1,0.0009
MD,New,50-60,3,0.0028
MD,New,60-70,4,0.0038
MD,New,70-80,16,0.0151
MD,New,80-85,22,0.0208
MD,New,85-86,3,0.0028
MD,New,86-87,2,0.0019
MD,New,87-88,5,0.0047
MD,New,88-89,11,0.0104
MD,New,89-90,10,0.0095
MD,New,90-91,35,0.0331
MD,New,91-92,21,0.0198
MD,New,92-93,31,0.0293
MD,New,93-94,34,0.0321
MD,New,94-95,50,0.0473
MD,New,95-96,76,0.0718
MD,New,96-97,110,0.104
MD,New,97-98,123,0.1163
MD,New,98-99,159,0.1503
MD,New,99-100,342,0.3233
MD,Old,<50,3,0.003
MD,Old,50-60,0,0.0
MD,Old,60-70,0,0.0
MD,Old,70-80,7,0.0069
MD,Old,80-85,2,0.002
MD,Old,85-86,2,0.002
MD,Old,86-87,0,0.0
MD,Old,87-88,3,0.003
MD,Old,88-89,0,0.0
MD,Old,89-90,2,0.002
MD,Old,90-91,4,0.0039
MD,Old,91-92,2,0.002
MD,Old,92-93,10,0.0098
MD,Old,93-94,6,0.0059
MD,Old,94-95,9,0.0089
MD,Old,95-96,11,0.0108
MD,Old,96-97,11,0.0108
MD,Old,97-98,35,0.0344
MD,Old,98-99,44,0.0433
MD,Old,99-100,865,0.8514
ME,New,<50,1,0.0014
ME,New,50-60,0,0.0
ME,New,60-70,2,0.0029
ME,New,70-80,3,0.0043
ME,New,80-85,7,0.01
ME,New,85-86,3,0.0043
ME,New,86-87,2,0.0029
ME,New,87-88,4,0.0057
ME,New,88-89,3,0.0043
ME,New,89-90,2,0.0029
ME,New,90-91,6,0.0086
ME,New,91-92,5,0.0072
ME,New,92-93,6,0.0086
ME,New,93-94,10,0.0143
ME,New,94-95,20,0.0286
ME,New,95-96,22,0.0315
ME,New,96-97,19,0.0272
ME,New,97-98,42,0.0601
ME,New,98-99,60,0.0858
ME,New,99-100,482,0.6896
ME,Old,<50,0,0.0
ME,Old,50-60,2,0.0029
ME,Old,60-70,3,0.0043
ME,Old,70-80,8,0.0115
ME,Old,80-85,5,0.0072
ME,Old,85-86,5,0.0072
ME,Old,86-87,2,0.0029
ME,Old,87-88,2,0.0029
ME,Old,88-89,2,0.0029
ME,Old,89-90,2,0.0029
ME,Old,90-91,10,0.0144
ME,Old,91-92,10,0.0144
ME,Old,92-93,9,0.013
ME,Old,93-94,14,0.0202
ME,Old,94-95,16,0.0231
ME,Old,95-96,18,0.026
ME,Old,96-97,15,0.0216
ME,Old,97-98,38,0.0548
ME,Old,98-99,52,0.075
ME,Old,99-100,480,0.6926
MN,New,<50,52,0.0298
MN,New,50-60,43,0.0247
MN,New,60-70,77,0.0442
MN,New,70-80,174,0.0998
MN,New,80-85,186,0.1067
MN,New,85-86,41,0.0235
MN,New,86-87,53,0.0304
MN,New,87-88,42,0.0241
MN,New,88-89,62,0.0356
MN,New,89-90,58,0.0333
MN,New,90-91,86,0.0493
MN,New,91-92,65,0.0373
MN,New,92-93,83,0.0476
MN,New,93-94,94,0.0539
MN,New,94-95,81,0.0464
MN,New,95-96,237,0.1359
MN,New,96-97,98,0.0562
MN,New,97-98,94,0.0539
MN,New,98-99,118,0.0677
MN,New,99-100,0,0.0
MN,Old,<50,52,0.0268
MN,Old,50-60,48,0.0248
MN,Old,60-70,112,0.0578
MN,Old,70-80,151,0.0779
MN,Old,80-85,183,0.0944
MN,Old,85-86,51,0.0263
MN,Old,86-87,48,0.0248
MN,Old,87-88,48,0.0248
MN,Old,88-89,89,0.0459
MN,Old,89-90,56,0.0289
MN,Old,90-91,74,0.0382
MN,Old,91-92,65,0.0335
MN,Old,92-93,72,0.0371
MN,Old,93-94,93,0.048
MN,Old,94-95,118,0.0609
MN,Old,95-96,113,0.0583
MN,Old,96-97,118,0.0609
MN,Old,97-98,121,0.0624
MN,Old,98-99,71,0.0366
MN,Old,99-100,256,0.132
NC,New,<50,14,0.0088
NC,New,50-60,15,0.0094
NC,New,60-70,31,0.0194
NC,New,70-80,65,0.0406
NC,New,80-85,90,0.0562
NC,New,85-86,29,0.0181
NC,New,86-87,31,0.0194
NC,New,87-88,32,0.02
NC,New,88-89,52,0.0325
NC,New,89-90,45,0.0281
NC,New,90-91,61,0.0381
NC,New,91-92,79,0.0494
NC,New,92-93,118,0.0738
NC,New,93-94,110,0.0688
NC,New,94-95,122,0.0762
NC,New,95-96,156,0.0975
NC,New,96-97,143,0.0894
NC,New,97-98,138,0.0862
NC,New,98-99,96,0.06
NC,New,99-100,173,0.1081
NC,Old,<50,16,0.0088
NC,Old,50-60,19,0.0105
NC,Old,60-70,34,0.0187
NC,Old,70-80,66,0.0364
NC,Old,80-85,80,0.0441
NC,Old,85-86,36,0.0198
NC,Old,86-87,33,0.0182
NC,Old,87-88,46,0.0254
NC,Old,88-89,46,0.0254
NC,Old,89-90,48,0.0265
NC,Old,90-91,76,0.0419
NC,Old,91-92,87,0.048
NC,Old,92-93,103,0.0568
NC,Old,93-94,128,0.0706
NC,Old,94-95,160,0.0882
NC,Old,95-96,168,0.0926
NC,Old,96-97,183,0.1009
NC,Old,97-98,154,0.0849
NC,Old,98-99,121,0.0667
NC,Old,99-100,210,0.1158
NY,New,<50,41,0.0085
NY,New,50-60,9,0.0019
NY,New,60-70,20,0.0041
NY,New,70-80,25,0.0052
NY,New,80-85,18,0.0037
NY,New,85-86,9,0.0019
NY,New,86-87,3,0.0006
NY,New,87-88,9,0.0019
NY,New,88-89,7,0.0014
NY,New,89-90,8,0.0017
NY,New,90-91,11,0.0023
NY,New,91-92,13,0.0027
NY,New,92-93,22,0.0045
NY,New,93-94,27,0.0056
NY,New,94-95,11,0.0023
NY,New,95-96,38,0.0078
NY,New,96-97,63,0.013
NY,New,97-98,97,0.02
NY,New,98-99,239,0.0493
NY,New,99-100,4177,0.8618
NY,Old,<50,35,0.0068
NY,Old,50-60,15,0.0029
NY,Old,60-70,12,0.0023
NY,Old,70-80,22,0.0042
NY,Old,80-85,11,0.0021
NY,Old,85-86,2,0.0004
NY,Old,86-87,4,0.0008
NY,Old,87-88,6,0.0012
NY,Old,88-89,5,0.001
NY,Old,89-90,6,0.0012
NY,Old,90-91,6,0.0012
NY,Old,91-92,12,0.0023
NY,Old,92-93,14,0.0027
NY,Old,93-94,21,0.0041
NY,Old,94-95,27,0.0052
NY,Old,95-96,41,0.0079
NY,Old,96-97,55,0.0106
NY,Old,97-98,71,0.0137
NY,Old,98-99,195,0.0376
NY,Old,99-100,4621,0.8919
OR,New,<50,22,0.0132
OR,New,50-60,18,0.0108
OR,New,60-70,25,0.015
OR,New,70-80,59,0.0354
OR,New,80-85,85,0.051
OR,New,85-86,19,0.0114
OR,New,86-87,30,0.018
OR,New,87-88,34,0.0204
OR,New,88-89,34,0.0204
OR,New,89-90,44,0.0264
OR,New,90-91,61,0.0366
OR,New,91-92,73,0.0438
OR,New,92-93,90,0.054
OR,New,93-94,108,0.0648
OR,New,94-95,165,0.099
OR,New,95-96,183,0.1098
OR,New,96-97,182,0.1092
OR,New,97-98,199,0.1194
OR,New,98-99,124,0.0744
OR,New,99-100,111,0.0666
OR,Old,<50,15,0.0089
OR,Old,50-60,16,0.0095
OR,Old,60-70,25,0.0148
OR,Old,70-80,54,0.032
OR,Old,80-85,64,0.0379
OR,Old,85-86,16,0.0095
OR,Old,86-87,14,0.0083
OR,Old,87-88,23,0.0136
OR,Old,88-89,27,0.016
OR,Old,89-90,38,0.0225
OR,Old,90-91,64,0.0379
OR,Old,91-92,68,0.0403
OR,Old,92-93,86,0.051
OR,Old,93-94,87,0.0516
OR,Old,94-95,144,0.0854
OR,Old,95-96,195,0.1156
OR,Old,96-97,235,0.1393
OR,Old,97-98,253,0.15
OR,Old,98-99,138,0.0818
OR,Old,99-100,125,0.0741
PA,New,<50,15,0.004
PA,New,50-60,9,0.0024
PA,New,60-70,32,0.0086
PA,New,70-80,81,0.0218
PA,New,80-85,86,0.0232
PA,New,85-86,39,0.0105
PA,New,86-87,34,0.0092
PA,New,87-88,52,0.014
PA,New,88-89,56,0.0151
PA,New,89-90,56,0.0151
PA,New,90-91,94,0.0253
PA,New,91-92,149,0.0401
PA,New,92-93,160,0.0431
PA,New,93-94,201,0.0541
PA,New,94-95,232,0.0625
PA,New,95-96,336,0.0905
PA,New,96-97,387,0.1042
PA,New,97-98,436,0.1174
PA,New,98-99,430,0.1158
PA,New,99-100,829,0.2232
PA,Old,<50,23,0.0061
PA,Old,50-60,19,0.005
PA,Old,60-70,25,0.0066
PA,Old,70-80,60,0.0158
PA,Old,80-85,66,0.0174
PA,Old,85-86,23,0.0061
PA,Old,86-87,26,0.0069
PA,Old,87-88,31,0.0082
PA,Old,88-89,39,0.0103
PA,Old,89-90,32,0.0084
PA,Old,90-91,92,0.0243
PA,Old,91-92,87,0.0229
PA,Old,92-93,128,0.0338
PA,Old,93-94,132,0.0348
PA,Old,94-95,162,0.0427
PA,Old,95-96,281,0.0741
PA,Old,96-97,352,0.0928
PA,Old,97-98,472,0.1245
PA,Old,98-99,608,0.1603
PA,Old,99-100,1134,0.2991
TX,New,<50,30,0.009
TX,New,50-60,46,0.0138
TX,New,60-70,74,0.0223
TX,New,70-80,170,0.0512
TX,New,80-85,199,0.0599
TX,New,85-86,73,0.022
TX,New,86-87,42,0.0126
TX,New,87-88,55,0.0166
TX,New,88-89,73,0.022
TX,New,89-90,56,0.0169
TX,New,90-91,111,0.0334
TX,New,91-92,88,0.0265
TX,New,92-93,124,0.0373
TX,New,93-94,151,0.0455
TX,New,94-95,183,0.0551
TX,New,95-96,216,0.065
TX,New,96-97,187,0.0563
TX,New,97-98,234,0.0704
TX,New,98-99,238,0.0716
TX,New,99-100,972,0.2926
TX,Old,<50,22,0.0066
TX,Old,50-60,32,0.0096
TX,Old,60-70,66,0.0197
TX,Old,70-80,130,0.0389
TX,Old,80-85,144,0.0431
TX,Old,85-86,44,0.0132
TX,Old,86-87,38,0.0114
TX,Old,87-88,57,0.0171
TX,Old,88-89,78,0.0233
TX,Old,89-90,48,0.0144
TX,Old,90-91,120,0.0359
TX,Old,91-92,82,0.0245
TX,Old,92-93,134,0.0401
TX,Old,93-94,158,0.0473
TX,Old,94-95,169,0.0506
TX,Old,95-96,188,0.0562
TX,Old,96-97,213,0.0637
TX,Old,97-98,272,0.0814
TX,Old,98-99,260,0.0778
TX,Old,99-100,1088,0.3255
WA,New,<50,25,0.0094
WA,New,50-60,14,0.0053
WA,New,60-70,39,0.0147
WA,New,70-80,67,0.0252
WA,New,80-85,88,0.0331
WA,New,85-86,39,0.0147
WA,New,86-87,39,0.0147
WA,New,87-88,37,0.0139
WA,New,88-89,54,0.0203
WA,New,89-90,78,0.0293
WA,New,90-91,84,0.0316
WA,New,91-92,93,0.035
WA,New,92-93,134,0.0504
WA,New,93-94,156,0.0587
WA,New,94-95,214,0.0805
WA,New,95-96,266,0.1001
WA,New,96-97,314,0.1181
WA,New,97-98,298,0.1121
WA,New,98-99,332,0.1249
WA,New,99-100,287,0.108
WA,Old,<50,15,0.0055
WA,Old,50-60,11,0.004
WA,Old,60-70,29,0.0106
WA,Old,70-80,72,0.0264
WA,Old,80-85,88,0.0323
WA,Old,85-86,29,0.0106
WA,Old,86-87,33,0.0121
WA,Old,87-88,45,0.0165
WA,Old,88-89,40,0.0147
WA,Old,89-90,63,0.0231
WA,Old,90-91,76,0.0279
WA,Old,91-92,98,0.0359
WA,Old,92-93,117,0.0429
WA,Old,93-94,172,0.063
WA,Old,94-95,208,0.0762
WA,Old,95-96,231,0.0847
WA,Old,96-97,344,0.1261
WA,Old,97-98,348,0.1276
WA,Old,98-99,385,0.1411
WA,Old,99-100,324,0.1188
WI,New,<50,128,0.0316
WI,New,50-60,73,0.018
WI,New,60-70,115,0.0284
WI,New,70-80,295,0.0729
WI,New,80-85,314,0.0776
WI,New,85-86,98,0.0242
WI,New,86-87,114,0.0282
WI,New,87-88,102,0.0252
WI,New,88-89,150,0.0371
WI,New,89-90,163,0.0403
WI,New,90-91,182,0.045
WI,New,91-92,233,0.0576
WI,New,92-93,216,0.0534
WI,New,93-94,237,0.0586
WI,New,94-95,286,0.0707
WI,New,95-96,1341,0.3314
WI,New,96-97,0,0.0
WI,New,97-98,0,0.0
WI,New,98-99,0,0.0
WI,New,99-100,0,0.0
WI,Old,<50,160,0.0404
WI,Old,50-60,55,0.0139
WI,Old,60-70,100,0.0252
WI,Old,70-80,271,0.0684
WI,Old,80-85,286,0.0722
WI,Old,85-86,77,0.0194
WI,Old,86-87,109,0.0275
WI,Old,87-88,101,0.0255
WI,Old,88-89,120,0.0303
WI,Old,89-90,150,0.0379
WI,Old,90-91,161,0.0406
WI,Old,91-92,172,0.0434
WI,Old,92-93,219,0.0553
WI,Old,93-94,247,0.0623
WI,Old,94-95,320,0.0807
WI,Old,95-96,1415,0.3571
WI,Old,96-97,0,0.0
WI,Old,97-98,0,0.0
WI,Old,98-99,0,0.0
WI,Old,99-100,0,0.0
