State,Bin,Count (New),Count (Old),Proportion (New),Proportion (Old)
AZ,<50,18.0,26.0,0.0089,0.0112
AZ,50-60,23.0,34.0,0.0114,0.0147
AZ,60-70,41.0,57.0,0.0203,0.0246
AZ,70-80,116.0,127.0,0.0576,0.0549
AZ,80-85,139.0,153.0,0.069,0.0661
AZ,85-86,46.0,51.0,0.0228,0.022
AZ,86-87,51.0,62.0,0.0253,0.0268
AZ,87-88,60.0,49.0,0.0298,0.0212
AZ,88-89,75.0,63.0,0.0372,0.0272
AZ,89-90,68.0,77.0,0.0337,0.0333
AZ,90-91,90.0,93.0,0.0447,0.0402
AZ,91-92,94.0,101.0,0.0467,0.0436
AZ,92-93,110.0,110.0,0.0546,0.0475
AZ,93-94,123.0,123.0,0.061,0.0532
AZ,94-95,133.0,145.0,0.066,0.0627
AZ,95-96,161.0,164.0,0.0799,0.0709
AZ,96-97,155.0,168.0,0.0769,0.0726
AZ,97-98,132.0,168.0,0.0655,0.0726
AZ,98-99,139.0,184.0,0.069,0.0795
AZ,99-100,241.0,359.0,0.1196,0.1551
CA,<50,85.0,84.0,0.0132,0.0127
CA,50-60,20.0,21.0,0.0031,0.0032
CA,60-70,18.0,24.0,0.0028,0.0036
CA,70-80,39.0,37.0,0.0061,0.0056
CA,80-85,29.0,48.0,0.0045,0.0072
CA,85-86,8.0,9.0,0.0012,0.0014
CA,86-87,20.0,19.0,0.0031,0.0029
CA,87-88,13.0,17.0,0.002,0.0026
CA,88-89,23.0,25.0,0.0036,0.0038
CA,89-90,22.0,22.0,0.0034,0.0033
CA,90-91,37.0,36.0,0.0058,0.0054
CA,91-92,35.0,52.0,0.0054,0.0079
CA,92-93,50.0,71.0,0.0078,0.0107
CA,93-94,73.0,83.0,0.0113,0.0125
CA,94-95,94.0,133.0,0.0146,0.0201
CA,95-96,1297.0,1380.0,0.2016,0.2084
CA,96-97,217.0,265.0,0.0337,0.04
CA,97-98,422.0,407.0,0.0656,0.0615
CA,98-99,2565.0,2629.0,0.3987,0.397
CA,99-100,1367.0,1261.0,0.2125,0.1904
CO,<50,91.0,56.0,0.0185,0.0118
CO,50-60,50.0,37.0,0.0102,0.0078
CO,60-70,95.0,92.0,0.0193,0.0194
CO,70-80,261.0,222.0,0.053,0.0469
CO,80-85,328.0,298.0,0.0667,0.0629
CO,85-86,104.0,81.0,0.0211,0.0171
CO,86-87,91.0,90.0,0.0185,0.019
CO,87-88,134.0,109.0,0.0272,0.023
CO,88-89,135.0,121.0,0.0274,0.0255
CO,89-90,119.0,121.0,0.0242,0.0255
CO,90-91,192.0,211.0,0.039,0.0446
CO,91-92,197.0,192.0,0.04,0.0405
CO,92-93,260.0,246.0,0.0528,0.0519
CO,93-94,306.0,289.0,0.0622,0.061
CO,94-95,302.0,330.0,0.0614,0.0697
CO,95-96,386.0,397.0,0.0784,0.0838
CO,96-97,439.0,434.0,0.0892,0.0916
CO,97-98,442.0,431.0,0.0898,0.091
CO,98-99,258.0,276.0,0.0524,0.0583
CO,99-100,731.0,703.0,0.1485,0.1484
CT,<50,0.0,0.0,0.0,0.0
CT,50-60,0.0,0.0,0.0,0.0
CT,60-70,2.0,2.0,0.0025,0.0025
CT,70-80,6.0,7.0,0.0076,0.0087
CT,80-85,4.0,6.0,0.0051,0.0075
CT,85-86,1.0,3.0,0.0013,0.0037
CT,86-87,1.0,2.0,0.0013,0.0025
CT,87-88,2.0,3.0,0.0025,0.0037
CT,88-89,0.0,6.0,0.0,0.0075
CT,89-90,2.0,4.0,0.0025,0.005
CT,90-91,3.0,8.0,0.0038,0.0099
CT,91-92,12.0,5.0,0.0153,0.0062
CT,92-93,8.0,14.0,0.0102,0.0174
CT,93-94,17.0,15.0,0.0216,0.0186
CT,94-95,23.0,23.0,0.0293,0.0286
CT,95-96,34.0,30.0,0.0433,0.0373
CT,96-97,60.0,55.0,0.0763,0.0683
CT,97-98,78.0,116.0,0.0992,0.1441
CT,98-99,134.0,146.0,0.1705,0.1814
CT,99-100,399.0,360.0,0.5076,0.4472
IN,<50,14.0,7.0,0.0034,0.0017
IN,50-60,19.0,18.0,0.0047,0.0044
IN,60-70,60.0,51.0,0.0147,0.0125
IN,70-80,175.0,156.0,0.0429,0.0383
IN,80-85,242.0,235.0,0.0593,0.0578
IN,85-86,85.0,72.0,0.0208,0.0177
IN,86-87,67.0,80.0,0.0164,0.0197
IN,87-88,87.0,100.0,0.0213,0.0246
IN,88-89,128.0,111.0,0.0313,0.0273
IN,89-90,119.0,111.0,0.0291,0.0273
IN,90-91,176.0,163.0,0.0431,0.0401
IN,91-92,188.0,193.0,0.046,0.0474
IN,92-93,212.0,223.0,0.0519,0.0548
IN,93-94,233.0,251.0,0.0571,0.0617
IN,94-95,281.0,247.0,0.0688,0.0607
IN,95-96,308.0,343.0,0.0754,0.0843
IN,96-97,366.0,368.0,0.0896,0.0905
IN,97-98,365.0,369.0,0.0894,0.0907
IN,98-99,267.0,336.0,0.0654,0.0826
IN,99-100,692.0,634.0,0.1694,0.1559
KS,<50,1.0,3.0,0.0041,0.0124
KS,50-60,7.0,4.0,0.0288,0.0165
KS,60-70,12.0,12.0,0.0494,0.0496
KS,70-80,24.0,16.0,0.0988,0.0661
KS,80-85,29.0,39.0,0.1193,0.1612
KS,85-86,7.0,8.0,0.0288,0.0331
KS,86-87,10.0,9.0,0.0412,0.0372
KS,87-88,6.0,5.0,0.0247,0.0207
KS,88-89,5.0,3.0,0.0206,0.0124
KS,89-90,7.0,5.0,0.0288,0.0207
KS,90-91,17.0,21.0,0.07,0.0868
KS,91-92,8.0,4.0,0.0329,0.0165
KS,92-93,6.0,10.0,0.0247,0.0413
KS,93-94,25.0,15.0,0.1029,0.062
KS,94-95,7.0,6.0,0.0288,0.0248
KS,95-96,7.0,10.0,0.0288,0.0413
KS,96-97,25.0,28.0,0.1029,0.1157
KS,97-98,3.0,8.0,0.0123,0.0331
KS,98-99,4.0,0.0,0.0165,0.0
KS,99-100,33.0,36.0,0.1358,0.1488
KY,<50,21.0,59.0,0.0134,0.0367
KY,50-60,8.0,19.0,0.0051,0.0118
KY,60-70,20.0,36.0,0.0127,0.0224
KY,70-80,56.0,59.0,0.0356,0.0367
KY,80-85,84.0,81.0,0.0535,0.0504
KY,85-86,29.0,15.0,0.0185,0.0093
KY,86-87,21.0,30.0,0.0134,0.0187
KY,87-88,34.0,25.0,0.0216,0.0156
KY,88-89,49.0,33.0,0.0312,0.0205
KY,89-90,47.0,43.0,0.0299,0.0268
KY,90-91,54.0,55.0,0.0344,0.0342
KY,91-92,57.0,49.0,0.0363,0.0305
KY,92-93,82.0,99.0,0.0522,0.0616
KY,93-94,92.0,76.0,0.0586,0.0473
KY,94-95,102.0,91.0,0.0649,0.0567
KY,95-96,135.0,106.0,0.0859,0.066
KY,96-97,145.0,160.0,0.0923,0.0996
KY,97-98,180.0,139.0,0.1146,0.0866
KY,98-99,126.0,131.0,0.0802,0.0816
KY,99-100,229.0,300.0,0.1458,0.1868
LA,<50,2.0,2.0,0.001,0.001
LA,50-60,3.0,3.0,0.0015,0.0015
LA,60-70,20.0,20.0,0.0098,0.0098
LA,70-80,55.0,55.0,0.0269,0.0269
LA,80-85,79.0,79.0,0.0386,0.0386
LA,85-86,31.0,31.0,0.0152,0.0152
LA,86-87,38.0,38.0,0.0186,0.0186
LA,87-88,39.0,39.0,0.0191,0.0191
LA,88-89,42.0,42.0,0.0205,0.0205
LA,89-90,28.0,28.0,0.0137,0.0137
LA,90-91,65.0,65.0,0.0318,0.0318
LA,91-92,65.0,65.0,0.0318,0.0318
LA,92-93,98.0,98.0,0.0479,0.0479
LA,93-94,73.0,73.0,0.0357,0.0357
LA,94-95,100.0,100.0,0.0489,0.0489
LA,95-96,124.0,124.0,0.0606,0.0606
LA,96-97,166.0,166.0,0.0811,0.0812
LA,97-98,177.0,177.0,0.0865,0.0866
LA,98-99,212.0,212.0,0.1036,0.1037
LA,99-100,629.0,628.0,0.3074,0.3071
MA,<50,2.0,3.0,0.0012,0.0018
MA,50-60,3.0,0.0,0.0017,0.0
MA,60-70,1.0,1.0,0.0006,0.0006
MA,70-80,10.0,13.0,0.0058,0.0076
MA,80-85,19.0,27.0,0.011,0.0158
MA,85-86,3.0,9.0,0.0017,0.0053
MA,86-87,2.0,2.0,0.0012,0.0012
MA,87-88,5.0,10.0,0.0029,0.0059
MA,88-89,8.0,13.0,0.0046,0.0076
MA,89-90,23.0,11.0,0.0133,0.0064
MA,90-91,19.0,13.0,0.011,0.0076
MA,91-92,28.0,26.0,0.0162,0.0152
MA,92-93,28.0,33.0,0.0162,0.0193
MA,93-94,43.0,39.0,0.0249,0.0228
MA,94-95,50.0,53.0,0.0289,0.031
MA,95-96,67.0,80.0,0.0388,0.0468
MA,96-97,94.0,87.0,0.0544,0.0509
MA,97-98,195.0,164.0,0.1128,0.096
MA,98-99,245.0,262.0,0.1418,0.1534
MA,99-100,883.0,862.0,0.511,0.5047
MD,<50,1.0,3.0,0.0009,0.003
MD,50-60,3.0,0.0,0.0028,0.0
MD,60-70,4.0,0.0,0.0038,0.0
MD,70-80,16.0,7.0,0.0151,0.0069
MD,80-85,22.0,2.0,0.0208,0.002
MD,85-86,3.0,2.0,0.0028,0.002
MD,86-87,2.0,0.0,0.0019,0.0
MD,87-88,5.0,3.0,0.0047,0.003
MD,88-89,11.0,0.0,0.0104,0.0
MD,89-90,10.0,2.0,0.0095,0.002
MD,90-91,35.0,4.0,0.0331,0.0039
MD,91-92,21.0,2.0,0.0198,0.002
MD,92-93,31.0,10.0,0.0293,0.0098
MD,93-94,34.0,6.0,0.0321,0.0059
MD,94-95,50.0,9.0,0.0473,0.0089
MD,95-96,76.0,11.0,0.0718,0.0108
MD,96-97,110.0,11.0,0.104,0.0108
MD,97-98,123.0,35.0,0.1163,0.0344
MD,98-99,159.0,44.0,0.1503,0.0433
MD,99-100,342.0,865.0,0.3233,0.8514
ME,<50,1.0,0.0,0.0014,0.0
ME,50-60,0.0,2.0,0.0,0.0029
ME,60-70,2.0,3.0,0.0029,0.0043
ME,70-80,3.0,8.0,0.0043,0.0115
ME,80-85,7.0,5.0,0.01,0.0072
ME,85-86,3.0,5.0,0.0043,0.0072
ME,86-87,2.0,2.0,0.0029,0.0029
ME,87-88,4.0,2.0,0.0057,0.0029
ME,88-89,3.0,2.0,0.0043,0.0029
ME,89-90,2.0,2.0,0.0029,0.0029
ME,90-91,6.0,10.0,0.0086,0.0144
ME,91-92,5.0,10.0,0.0072,0.0144
ME,92-93,6.0,9.0,0.0086,0.013
ME,93-94,10.0,14.0,0.0143,0.0202
ME,94-95,20.0,16.0,0.0286,0.0231
ME,95-96,22.0,18.0,0.0315,0.026
ME,96-97,19.0,15.0,0.0272,0.0216
ME,97-98,42.0,38.0,0.0601,0.0548
ME,98-99,60.0,52.0,0.0858,0.075
ME,99-100,482.0,480.0,0.6896,0.6926
MN,<50,52.0,52.0,0.0298,0.0268
MN,50-60,43.0,48.0,0.0247,0.0248
MN,60-70,77.0,112.0,0.0442,0.0578
MN,70-80,174.0,151.0,0.0998,0.0779
MN,80-85,186.0,183.0,0.1067,0.0944
MN,85-86,41.0,51.0,0.0235,0.0263
MN,86-87,53.0,48.0,0.0304,0.0248
MN,87-88,42.0,48.0,0.0241,0.0248
MN,88-89,62.0,89.0,0.0356,0.0459
MN,89-90,58.0,56.0,0.0333,0.0289
MN,90-91,86.0,74.0,0.0493,0.0382
MN,91-92,65.0,65.0,0.0373,0.0335
MN,92-93,83.0,72.0,0.0476,0.0371
MN,93-94,94.0,93.0,0.0539,0.048
MN,94-95,81.0,118.0,0.0464,0.0609
MN,95-96,237.0,113.0,0.1359,0.0583
MN,96-97,98.0,118.0,0.0562,0.0609
MN,97-98,94.0,121.0,0.0539,0.0624
MN,98-99,118.0,71.0,0.0677,0.0366
MN,99-100,0.0,256.0,0.0,0.132
NC,<50,14.0,16.0,0.0088,0.0088
NC,50-60,15.0,19.0,0.0094,0.0105
NC,60-70,31.0,34.0,0.0194,0.0187
NC,70-80,65.0,66.0,0.0406,0.0364
NC,80-85,90.0,80.0,0.0562,0.0441
NC,85-86,29.0,36.0,0.0181,0.0198
NC,86-87,31.0,33.0,0.0194,0.0182
NC,87-88,32.0,46.0,0.02,0.0254
NC,88-89,52.0,46.0,0.0325,0.0254
NC,89-90,45.0,48.0,0.0281,0.0265
NC,90-91,61.0,76.0,0.0381,0.0419
NC,91-92,79.0,87.0,0.0494,0.048
NC,92-93,118.0,103.0,0.0738,0.0568
NC,93-94,110.0,128.0,0.0688,0.0706
NC,94-95,122.0,160.0,0.0762,0.0882
NC,95-96,156.0,168.0,0.0975,0.0926
NC,96-97,143.0,183.0,0.0894,0.1009
NC,97-98,138.0,154.0,0.0862,0.0849
NC,98-99,96.0,121.0,0.06,0.0667
NC,99-100,173.0,210.0,0.1081,0.1158
NY,<50,41.0,35.0,0.0085,0.0068
NY,50-60,9.0,15.0,0.0019,0.0029
NY,60-70,20.0,12.0,0.0041,0.0023
NY,70-80,25.0,22.0,0.0052,0.0042
NY,80-85,18.0,11.0,0.0037,0.0021
NY,85-86,9.0,2.0,0.0019,0.0004
NY,86-87,3.0,4.0,0.0006,0.0008
NY,87-88,9.0,6.0,0.0019,0.0012
NY,88-89,7.0,5.0,0.0014,0.001
NY,89-90,8.0,6.0,0.0017,0.0012
NY,90-91,11.0,6.0,0.0023,0.0012
NY,91-92,13.0,12.0,0.0027,0.0023
NY,92-93,22.0,14.0,0.0045,0.0027
NY,93-94,27.0,21.0,0.0056,0.0041
NY,94-95,11.0,27.0,0.0023,0.0052
NY,95-96,38.0,41.0,0.0078,0.0079
NY,96-97,63.0,55.0,0.013,0.0106
NY,97-98,97.0,71.0,0.02,0.0137
NY,98-99,239.0,195.0,0.0493,0.0376
NY,99-100,4177.0,4621.0,0.8618,0.8919
OR,<50,22.0,15.0,0.0132,0.0089
OR,50-60,18.0,16.0,0.0108,0.0095
OR,60-70,25.0,25.0,0.015,0.0148
OR,70-80,59.0,54.0,0.0354,0.032
OR,80-85,85.0,64.0,0.051,0.0379
OR,85-86,19.0,16.0,0.0114,0.0095
OR,86-87,30.0,14.0,0.018,0.0083
OR,87-88,34.0,23.0,0.0204,0.0136
OR,88-89,34.0,27.0,0.0204,0.016
OR,89-90,44.0,38.0,0.0264,0.0225
OR,90-91,61.0,64.0,0.0366,0.0379
OR,91-92,73.0,68.0,0.0438,0.0403
OR,92-93,90.0,86.0,0.054,0.051
OR,93-94,108.0,87.0,0.0648,0.0516
OR,94-95,165.0,144.0,0.099,0.0854
OR,95-96,183.0,195.0,0.1098,0.1156
OR,96-97,182.0,235.0,0.1092,0.1393
OR,97-98,199.0,253.0,0.1194,0.15
OR,98-99,124.0,138.0,0.0744,0.0818
OR,99-100,111.0,125.0,0.0666,0.0741
PA,<50,15.0,23.0,0.004,0.0061
PA,50-60,9.0,19.0,0.0024,0.005
PA,60-70,32.0,25.0,0.0086,0.0066
PA,70-80,81.0,60.0,0.0218,0.0158
PA,80-85,86.0,66.0,0.0232,0.0174
PA,85-86,39.0,23.0,0.0105,0.0061
PA,86-87,34.0,26.0,0.0092,0.0069
PA,87-88,52.0,31.0,0.014,0.0082
PA,88-89,56.0,39.0,0.0151,0.0103
PA,89-90,56.0,32.0,0.0151,0.0084
PA,90-91,94.0,92.0,0.0253,0.0243
PA,91-92,149.0,87.0,0.0401,0.0229
PA,92-93,160.0,128.0,0.0431,0.0338
PA,93-94,201.0,132.0,0.0541,0.0348
PA,94-95,232.0,162.0,0.0625,0.0427
PA,95-96,336.0,281.0,0.0905,0.0741
PA,96-97,387.0,352.0,0.1042,0.0928
PA,97-98,436.0,472.0,0.1174,0.1245
PA,98-99,430.0,608.0,0.1158,0.1603
PA,99-100,829.0,1134.0,0.2232,0.2991
TX,<50,30.0,22.0,0.009,0.0066
TX,50-60,46.0,32.0,0.0138,0.0096
TX,60-70,74.0,66.0,0.0223,0.0197
TX,70-80,170.0,130.0,0.0512,0.0389
TX,80-85,199.0,144.0,0.0599,0.0431
TX,85-86,73.0,44.0,0.022,0.0132
TX,86-87,42.0,38.0,0.0126,0.0114
TX,87-88,55.0,57.0,0.0166,0.0171
TX,88-89,73.0,78.0,0.022,0.0233
TX,89-90,56.0,48.0,0.0169,0.0144
TX,90-91,111.0,120.0,0.0334,0.0359
TX,91-92,88.0,82.0,0.0265,0.0245
TX,92-93,124.0,134.0,0.0373,0.0401
TX,93-94,151.0,158.0,0.0455,0.0473
TX,94-95,183.0,169.0,0.0551,0.0506
TX,95-96,216.0,188.0,0.065,0.0562
TX,96-97,187.0,213.0,0.0563,0.0637
TX,97-98,234.0,272.0,0.0704,0.0814
TX,98-99,238.0,260.0,0.0716,0.0778
TX,99-100,972.0,1088.0,0.2926,0.3255
WA,<50,25.0,15.0,0.0094,0.0055
WA,50-60,14.0,11.0,0.0053,0.004
WA,60-70,39.0,29.0,0.0147,0.0106
WA,70-80,67.0,72.0,0.0252,0.0264
WA,80-85,88.0,88.0,0.0331,0.0323
WA,85-86,39.0,29.0,0.0147,0.0106
WA,86-87,39.0,33.0,0.0147,0.0121
WA,87-88,37.0,45.0,0.0139,0.0165
WA,88-89,54.0,40.0,0.0203,0.0147
WA,89-90,78.0,63.0,0.0293,0.0231
WA,90-91,84.0,76.0,0.0316,0.0279
WA,91-92,93.0,98.0,0.035,0.0359
WA,92-93,134.0,117.0,0.0504,0.0429
WA,93-94,156.0,172.0,0.0587,0.063
WA,94-95,214.0,208.0,0.0805,0.0762
WA,95-96,266.0,231.0,0.1001,0.0847
WA,96-97,314.0,344.0,0.1181,0.1261
WA,97-98,298.0,348.0,0.1121,0.1276
WA,98-99,332.0,385.0,0.1249,0.1411
WA,99-100,287.0,324.0,0.108,0.1188
WI,<50,128.0,160.0,0.0316,0.0404
WI,50-60,73.0,55.0,0.018,0.0139
WI,60-70,115.0,100.0,0.0284,0.0252
WI,70-80,295.0,271.0,0.0729,0.0684
WI,80-85,314.0,286.0,0.0776,0.0722
WI,85-86,98.0,77.0,0.0242,0.0194
WI,86-87,114.0,109.0,0.0282,0.0275
WI,87-88,102.0,101.0,0.0252,0.0255
WI,88-89,150.0,120.0,0.0371,0.0303
WI,89-90,163.0,150.0,0.0403,0.0379
WI,90-91,182.0,161.0,0.045,0.0406
WI,91-92,233.0,172.0,0.0576,0.0434
WI,92-93,216.0,219.0,0.0534,0.0553
WI,93-94,237.0,247.0,0.0586,0.0623
WI,94-95,286.0,320.0,0.0707,0.0807
WI,95-96,1341.0,1415.0,0.3314,0.3571
WI,96-97,0.0,0.0,0.0,0.0
WI,97-98,0.0,0.0,0.0,0.0
WI,98-99,0.0,0.0,0.0,0.0
WI,99-100,0.0,0.0,0.0,0.0
