Facility Number,School Type,School District or Name,Facility Address,County,MMR Vaccination Rate,Age Group
,,A.C.G.C. EL.,,Kandiyohi,75.0,Kindergarten
,,ACADEMIAS LA PAZ,,Ramsey,88.64,Kindergarten
,,ACHIEVE LANGUAGE ACADEMY,,Ramsey,81.4,Kindergarten
,,ADRIAN ELEMENTARY,,Nobles,85.71,Kindergarten
,,AFSA ELEMENTARY (K-6),,Ramsey,76.92,Kindergarten
,,AGAMIM CLASSICAL ACADEMY,,Hennepin,70.0,Kindergarten
,,RIPPLESIDE EL.,,Aitkin,75.81,Kindergarten
,,ALBANY AREA EARLY LEARNING CENTER,,Stearns,90.12,Kindergarten
,,AVON EL.,,Stearns,89.19,Kindergarten
,,HOLY FAMILY-ALBANY,,Stearns,71.43,Kindergarten
,,HALVERSON EL.,,Freeborn,89.13,Kindergarten
,,HAWTHORNE EL.,,Freeborn,87.72,Kindergarten
,,HOLLANDALE CHRISTIAN,,Freeborn,70.0,Kindergarten
,,LAKEVIEW EL.,,Freeborn,81.82,Kindergarten
,,SIBLEY EL.,,Freeborn,86.11,Kindergarten
,,ST THEODORES EL,,Freeborn,91.67,Kindergarten
,,ALDEN-CONGER EL.,,Freeborn,91.43,Kindergarten
,,CARLOS EL.,,Douglas,95.0,Kindergarten
,,GARFIELD EL.,,Douglas,95.0,Kindergarten
,,LINCOLN EL.,,Douglas,91.38,Kindergarten
,,MILTONA EL.,,Douglas,90.91,Kindergarten
,,ST MARYS SCHOOL,,Douglas,71.43,Kindergarten
,,VOYAGER EL.,,Douglas,91.53,Kindergarten
,,WOODLAND,,Douglas,88.89,Kindergarten
,,ZION LUTHERAN,,Douglas,65.22,Kindergarten
,,ANNANDALE EL,,Wright,84.92,Kindergarten
,,ADAMS EL.,,Anoka,88.41,Kindergarten
,,ANDOVER EL.,,Anoka,89.83,Kindergarten
,,BROOKSIDE ELEMENTARY,,Anoka,87.79,Kindergarten
,,CHAMPLIN BROOKLYN PARK ACADEMY,,Hennepin,89.66,Kindergarten
,,CROOKED LAKE ELEMENTARY,,Anoka,97.83,Kindergarten
,,CROSS OF CHRIST LUTHERAN,,Anoka,84.62,Kindergarten
,,DAYTON ELEMENTARY,,Anoka,93.67,Kindergarten
,,EISENHOWER EL.,,Anoka,98.0,Kindergarten
,,EPIPHANY EDUC CENTER,,Anoka,73.33,Kindergarten
,,EVERGREEN PARK ELEMENTARY,,Anoka,95.24,Kindergarten
,,HAMILTON ELEMENTARY,,Anoka,85.96,Kindergarten
,,HOOVER ELEMENTARY,,Anoka,95.77,Kindergarten
,,JEFFERSON ELEMENTARY,,Anoka,89.41,Kindergarten
,,JOHNSVILLE ELEMENTARY,,Anoka,90.2,Kindergarten
,,LEGACY CHRISTIAN SCHOOL,,Anoka,67.65,Kindergarten
,,LINCOLN ELEMENTARY,,Anoka,94.2,Kindergarten
,,MADISON ELEMENTARY,,Anoka,92.98,Kindergarten
,,MCKINLEY ELEMENTARY,,Hennepin,90.82,Kindergarten
,,MISSISSIPPI ELEMENTARY,,Hennepin,92.06,Kindergarten
,,MONROE EL.,,Hennepin,88.75,Kindergarten
,,MORRIS BYE ELEMENTARY,,Anoka,94.29,Kindergarten
,,OXBOW CREEK ELEMENTARY,,Anoka,94.39,Kindergarten
,,RAMSEY ELEMENTARY,,Anoka,81.68,Kindergarten
,,RUM RIVER ELEMENTARY,,Anoka,98.0,Kindergarten
,,SAND CREEK ELEMENTARY,,Anoka,96.72,Kindergarten
,,ST STEPHEN,,Anoka,89.66,Kindergarten
,,SUNRISE ELEMENTARY,,Anoka,93.04,Kindergarten
,,UNIVERSITY ELEMENTARY,,Anoka,95.77,Kindergarten
,,WAY OF THE SHEPHERD,,Anoka,69.23,Kindergarten
,,WILSON EL.,,Anoka,95.16,Kindergarten
,,ART AND SCIENCE ACADEMY,,Isanti,87.5,Kindergarten
,,ASHBY EL.,,Grant,85.19,Kindergarten
,,ASPEN ACADEMY,,Scott,90.35,Kindergarten
,,ATHLOS LEADERSHIP ACADEMY,,Hennepin,77.65,Kindergarten
,,AURORA CHARTER SCHOOL,,Hennepin,87.18,Kindergarten
,,BANFIELD EL.,,Mower,98.0,Kindergarten
,,NEVELN EL.,,Mower,98.0,Kindergarten
,,PACELLI CATHOLIC SCHOOLS,,Mower,95.0,Kindergarten
,,SOUTHGATE EL.,,Mower,97.53,Kindergarten
,,SUMNER EL.,,Mower,95.65,Kindergarten
,,BADGER EL.,,Roseau,83.33,Kindergarten
,,BAGLEY EL.,,Clearwater,72.55,Kindergarten
,,BARNESVILLE EL.,,Clay,87.5,Kindergarten
,,BARNUM EL.,,Carlton,93.02,Kindergarten
,,BATTLE LAKE ELEMENTARY,,Otter Tail,70.0,Kindergarten
,,BEACON ACADEMY,,Hennepin,82.98,Kindergarten
,,BECKER PRIMARY SCHOOL,,Sherburne,85.03,Kindergarten
,,BELGRADE-BROOTEN-ELROSA EL.,,Stearns,88.89,Kindergarten
,,CHATFIELD ELEMENTARY,,Scott,90.91,Kindergarten
,,HEARTLAND CHRISTIAN ACADEMY,,Beltrami,54.55,Kindergarten
,,HORACE MAY EL.,,Beltrami,82.89,Kindergarten
,,JW SMITH,,Beltrami,87.76,Kindergarten
,,LINCOLN EL.,,Beltrami,87.27,Kindergarten
,,NORTHERN EL.,,Beltrami,86.15,Kindergarten
,,SOLWAY EL.,,Beltrami,80.0,Kindergarten
,,ST PHILIP,,Beltrami,65.22,Kindergarten
,,BENSON NORTHSIDE ELEMENTARY,,Swift,85.0,Kindergarten
,,BERTHA-HEWITT PUBLIC SCHOOLS,,Todd,89.19,Kindergarten
,,BEST ACADEMY,,Hennepin,41.86,Kindergarten
,,WAKANDA VIRTUAL ACADEMY,,Hennepin,6.45,Kindergarten
,,LIBERTY ELEMENTARY,,Sherburne,83.11,Kindergarten
,,BOLD-BIRD ISLAND EL.,,Renville,83.33,Kindergarten
,,ST MARY,,Renville,95.0,Kindergarten
,,BLACKDUCK ELEMENTARY,,Beltrami,79.17,Kindergarten
,,BLOOMING PRAIRIE EL.,,Steele,82.86,Kindergarten
,,BLOOMINGTON LUTHERAN,,Hennepin,75.0,Kindergarten
,,HILLCREST EL.,,Hennepin,93.55,Kindergarten
,,INDIAN MOUNDS EL.,,Hennepin,73.21,Kindergarten
,,NATIVITY OF MARY,,Hennepin,95.0,Kindergarten
,,NORMANDALE HILLS EL.,,Hennepin,79.49,Kindergarten
,,OAK GROVE EL.,,Hennepin,90.16,Kindergarten
,,OLSON EL.,,Hennepin,89.02,Kindergarten
,,POPLAR BRIDGE EL.,,Hennepin,90.8,Kindergarten
,,RAMALYNN MONTESSORI ACADEMY,,Hennepin,75.0,Kindergarten
,,RIDGEVIEW EL.,,Hennepin,90.24,Kindergarten
,,UNITED CHRISTIAN ACADEMY,,Hennepin,55.17,Kindergarten
,,VALLEY VIEW ELEMENTARY,,Hennepin,84.81,Kindergarten
,,WESTWOOD EL.,,Hennepin,79.55,Kindergarten
,,BLUE EARTH EL.,,Faribault,88.31,Kindergarten
,,BLUFFVIEW MONTESSORI,,Winona,88.0,Kindergarten
,,BRAHAM EL.,,Isanti,81.48,Kindergarten
,,BAXTER EL.,,Crow Wing,82.93,Kindergarten
,,GARFIELD EL.,,Crow Wing,69.44,Kindergarten
,,HARRISON EL.,,Crow Wing,69.05,Kindergarten
,,LAKE REGION CHRISTIAN,,Crow Wing,61.11,Kindergarten
,,LOWELL EL.,,Crow Wing,83.02,Kindergarten
,,NISSWA EL.,,Crow Wing,70.59,Kindergarten
,,RIVERSIDE EL.,,Crow Wing,82.67,Kindergarten
,,ST FRANCIS OF THE LAKES CATHOLIC SCHOOL,,Crow Wing,85.0,Kindergarten
,,STARE ACADEMY,,Crow Wing,50.0,Kindergarten
,,BRECKENRIDGE EL.,,Wilkin,95.0,Kindergarten
,,ST MARY,,Wilkin,80.95,Kindergarten
,,BROOKLYN CENTER ELEMEMTARY,,Hennepin,85.05,Kindergarten
,,BROWERVILLE EL.,,Todd,81.48,Kindergarten
,,BROWNS VALLEY PUBLIC SCHOOL,,Traverse,95.0,Kindergarten
,,DISCOVERY EL.,,Wright,76.74,Kindergarten
,,HANOVER EL.,,Wright,77.42,Kindergarten
,,MONTROSE EL.,,Wright,90.0,Kindergarten
,,NORTHWINDS ELEMENTARY SCHOOL,,Wright,78.69,Kindergarten
,,PARKSIDE EL.,,Wright,82.05,Kindergarten
,,SALEM LUTHERAN,,Hennepin,70.0,Kindergarten
,,ST FRANCIS XAVIER,,Wright,77.5,Kindergarten
,,TATANKA EL.,,Wright,86.21,Kindergarten
,,BUFFALO LAKE-HECTOR EL.,,Renville,68.75,Kindergarten
,,BULTUM ACADEMY,,Anoka,42.11,Kindergarten
,,EDWARD NEILL EL.,,Dakota,91.84,Kindergarten
,,GIDEON POND EL.,,Dakota,84.38,Kindergarten
,,HARRIET BISHOP EL.,,Scott,87.1,Kindergarten
,,HIDDEN VALLEY EL.,,Scott,76.27,Kindergarten
,,RAHN EL.,,Dakota,79.03,Kindergarten
,,SKY OAKS EL.,,Dakota,84.09,Kindergarten
,,ST JOHN THE BAPTIST-SAVAGE,,Scott,95.0,Kindergarten
,,VISTA VIEW EL.,,Dakota,95.35,Kindergarten
,,WILLIAM BYRNE EL.,,Dakota,84.62,Kindergarten
,,BUTTERFIELD EL.,,Watonwan,80.95,Kindergarten
,,BRYON PRIMARY,,Olmsted,89.93,Kindergarten
,,CALEDONIA ELEM,,Houston,88.0,Kindergarten
,,ST MARYS ELEMENTARY,,Houston,93.33,Kindergarten
,,CAMBRIDGE CHRISTIAN SCHOOL,,Isanti,47.37,Kindergarten
,,CAMBRIDGE PRIMARY SCHOOL,,Isanti,88.75,Kindergarten
,,CAMBRIDGE-ISANTI STEAM SCHOOL,,Isanti,80.0,Kindergarten
,,ISANTI PRIMARY SCHOOL,,Isanti,90.07,Kindergarten
,,CANBY EL.,,Yellow Medicine,92.0,Kindergarten
,,CANNON FALLS EL.,,Goodhue,89.04,Kindergarten
,,SOUTH TERRACE EL.,,Carlton,87.5,Kindergarten
,,CASS LAKE-BENA EL.,,Cass,96.2,Kindergarten
,,CEDAR MOUNTAIN EL.,,Renville,66.67,Kindergarten
,,AS-SUFFAH ACADEMY,,Anoka,40.0,Kindergarten
,,BLUE HERON ELEMENTARY,,Anoka,95.74,Kindergarten
,,CENTENNIAL EL.,,Anoka,90.0,Kindergarten
,,CENTERVILLE EL.,,Anoka,94.87,Kindergarten
,,GOLDEN LAKE EL.,,Anoka,90.77,Kindergarten
,,PIONEERS ACADEMY,,Anoka,61.54,Kindergarten
,,RICE LAKE EL.,,Anoka,89.77,Kindergarten
,,BLUFF CREEK ELEMENTARY,,Carver,95.92,Kindergarten
,,BREAKAWAY ACADEMY PRIMARY,,Carver,50.0,Kindergarten
,,CARVER ELEMENTARY,,Carver,87.9,Kindergarten
,,CHANHASSEN ELEMENTARY,,Carver,85.94,Kindergarten
,,CHAPEL HILL ACADEMY,,Carver,61.7,Kindergarten
,,CLOVER RIDGE ELEMENTARY,,Carver,96.81,Kindergarten
,,JONATHAN ELEMENTARY,,Carver,95.18,Kindergarten
,,KINDERACADEMY,,Carver,98.0,Kindergarten
,,LA ACADEMIA ELEMENTARY,,Carver,88.73,Kindergarten
,,ST HUBERT CATHOLIC SCHOOL,,Carver,83.78,Kindergarten
,,ST JOHNS LUTHERAN-CHASKA,,Carver,91.3,Kindergarten
,,VICTORIA ELEMENTARY SCHOOL,,Carver,92.79,Kindergarten
,,CHATFIELD ELEMENTARY SCHOOL,,Fillmore,88.89,Kindergarten
,,CHISAGO LAKES EL.,,Chisago,97.53,Kindergarten
,,TAYLORS FALLS EL.,,Chisago,98.0,Kindergarten
,,VAUGHAN EL.,,St. Louis,97.78,Kindergarten
,,CHOKIO-ALBERTA PUBLIC SCHOOLS,,Stevens,90.91,Kindergarten
,,CLEARBROOK-GONVICK SCHOOL,,Clearwater,52.0,Kindergarten
,,CLEVELAND PUBLIC SCHOOL,,Le Sueur,9.76,Kindergarten
,,CLINTON-GRACEVILLE-BEARDSLEY EL.,,Big Stone,95.0,Kindergarten
,,CHURCHILL EL.,,Carlton,93.59,Kindergarten
,,QUEEN OF PEACE,,Carlton,81.82,Kindergarten
,,WASHINGTON EL.,,Carlton,93.98,Kindergarten
,,COLOGNE ACADEMY,,Carver,88.16,Kindergarten
,,HIGHLAND ELEMENTARY,,Anoka,92.31,Kindergarten
,,IMMACULATE CONCEPTION,,Anoka,95.0,Kindergarten
,,NORTH PARK ELEMENTARY,,Anoka,88.89,Kindergarten
,,VALLEY VIEW ELEMENTARY,,Anoka,98.0,Kindergarten
,,COMMUNITY OF PEACE ACADEMY ELEMENTARY,,Ramsey,73.02,Kindergarten
,,COMMUNITY SCHOOL OF EXCELLENCE - ELEMENTARY,,Ramsey,85.83,Kindergarten
,,LIFE PREP SCHOOL/FORMERLY CONCORDIA CREATIVE LEARNING ACADEMY,,Ramsey,78.57,Kindergarten
,,SAWTOOTH MOUNTAIN ELEMENTARY,,Cook,89.47,Kindergarten
,,CORNERSTONE MONTESSORI EL.,,Ramsey,71.43,Kindergarten
,,CREEKSTONE MONTESSORI,,Goodhue,80.0,Kindergarten
,,CROMWELL-WRIGHT EL.,,Carlton,83.33,Kindergarten
,,HIGHLAND EL.,,Polk,91.21,Kindergarten
,,CUYUNA RANGE EL.,,Crow Wing,85.71,Kindergarten
,,CROSSLAKE COMMUNITY CHARTER SCHOOL,,Crow Wing,74.07,Kindergarten
,,COKATO EL.,,Wright,60.26,Kindergarten
,,DASSEL EL.,,Meeker,70.0,Kindergarten
,,DAVINCI ACADEMY,,Anoka,88.0,Kindergarten
,,STEVENS ELEMENTARY,,Lac Qui Parle,87.04,Kindergarten
,,KING EL.,,Itasca,74.47,Kindergarten
,,DELANO EL.,,Wright,89.24,Kindergarten
,,MT OLIVE LUTHERAN,,Wright,40.0,Kindergarten
,,ST MAXIMILIAN KOLBE,,Wright,54.55,Kindergarten
,,HOLY ROSARY,,Becker,76.47,Kindergarten
,,ROOSEVELT EL.,,Becker,92.86,Kindergarten
,,ROSSMAN EL.,,Becker,87.34,Kindergarten
,,DILWORTH-GLYNDON-FELTON ELEMENTARY,,Clay,86.67,Kindergarten
,,DISCOVERY CHARTER SCHOOL,,Dakota,80.0,Kindergarten
,,DOVER-EYOTA EL.,,Olmsted,87.88,Kindergarten
,,CONGDON PARK EL.,,St. Louis,98.0,Kindergarten
,,HOMECROFT EL.,,St. Louis,94.19,Kindergarten
,,LAKEVIEW CHRISTIAN ACADEMY,,St. Louis,80.0,Kindergarten
,,LAKEWOOD EL.,,St. Louis,98.0,Kindergarten
,,LAURA MACARTHUR EL.,,St. Louis,89.74,Kindergarten
,,LESTER PARK EL.,,St. Louis,96.59,Kindergarten
,,LOWELL EL.,,St. Louis,93.02,Kindergarten
,,LOWELL ELEMENTARY SPANISH IMMERSION,,St. Louis,88.89,Kindergarten
,,MANY RIVERS MONTESSORI,,St. Louis,80.95,Kindergarten
,,MYERS-WILKINS ELEMENTARY,,St. Louis,91.25,Kindergarten
,,PIEDMONT EL.,,St. Louis,97.47,Kindergarten
,,STELLA MARIS ACADEMY-HOLY ROSARY CAMPUS,,St. Louis,96.43,Kindergarten
,,STELLA MARIS ACADEMY-ST. JAMES CAMPUS,,St. Louis,91.67,Kindergarten
,,STOWE EL.,,St. Louis,97.22,Kindergarten
,,NORTH STAR,,St. Louis,86.96,Kindergarten
,,RALEIGH EDISON CHARTER SCHOOL,,St. Louis,83.33,Kindergarten
,,EAGLE RIDGE ACADEMY CHARTER SCHOOL,,Hennepin,84.67,Kindergarten
,,EAST CENTRAL EL.,,Pine,84.78,Kindergarten
,,NEW HEIGHTS EL.,,Polk,94.63,Kindergarten
,,RIVERSIDE CHRISTIAN SCHOOL,,Polk,64.71,Kindergarten
,,SACRED HEART ELEMENTARY,,Polk,97.37,Kindergarten
,,CEDAR RIDGE EL.,,Hennepin,88.31,Kindergarten
,,EAGLE HEIGHTS SPANISH IMMERSION SCHOOL,,Hennepin,92.65,Kindergarten
,,EDEN LAKE EL.,,Hennepin,73.2,Kindergarten
,,FOREST HILLS EL.,,Hennepin,73.83,Kindergarten
,,OAK POINT EL.,,Hennepin,70.83,Kindergarten
,,PRAIRIE VIEW EL.,,Hennepin,73.17,Kindergarten
,,EDEN VALLEY EL.,,Meeker,91.3,Kindergarten
,,WATKINS EL.,,Meeker,82.61,Kindergarten
,,EDGERTON PUBLIC ELEMENTARY,,Pipestone,91.67,Kindergarten
,,SOUTHWEST CHRISTIAN ELEMENTARY,,Pipestone,81.82,Kindergarten
,,AVAIL ACADEMY,,Hennepin,71.43,Kindergarten
,,CONCORD EL.,,Hennepin,93.52,Kindergarten
,,CORNELIA EL.,,Hennepin,89.87,Kindergarten
,,COUNTRYSIDE EL.,,Hennepin,94.29,Kindergarten
,,CREEK VALLEY EL.,,Hennepin,84.52,Kindergarten
,,HIGHLANDS EL.,,Hennepin,91.57,Kindergarten
,,NORMANDALE EL.,,Hennepin,97.17,Kindergarten
,,OUR LADY OF GRACE,,Hennepin,93.07,Kindergarten
,,HASSAN ELEMENTARY,,Hennepin,86.36,Kindergarten
,,LINCOLN ELEMENTARY,,Sherburne,95.96,Kindergarten
,,MARY QUEEN OF PEACE CATHOLIC SCHOOL,,Hennepin,81.82,Kindergarten
,,MEADOWVALE EL.,,Sherburne,81.01,Kindergarten
,,OTSEGO EL.,,Wright,90.35,Kindergarten
,,PARKER ELEMENTARY,,Sherburne,90.41,Kindergarten
,,PRARIE VIEW ELEMENTARY SCHOOL,,Wright,90.65,Kindergarten
,,ROGERS EL.,,Hennepin,91.47,Kindergarten
,,ST ANDREWS CATHOLIC SCHOOL,,Sherburne,82.61,Kindergarten
,,ST JOHNS LUTHERAN,,Anoka,28.57,Kindergarten
,,TWIN LAKES ELEMENTARY,,Sherburne,89.74,Kindergarten
,,ZIMMERMAN EL.,,Sherburne,87.41,Kindergarten
,,WASHINGTON EL.,,St. Louis,87.5,Kindergarten
,,ESCUELA EXITOS CHARTER SCHOOL,,Hennepin,65.0,Kindergarten
,,WINTERQUIST EL.,,Carlton,93.75,Kindergarten
,,EXCELL ACADEMY CHARTER,,Hennepin,75.76,Kindergarten
,,FAIRMONT ELEMENTARY,,Martin,87.74,Kindergarten
,,ST PAULS LUTHERAN-FAIRMONT,,Martin,54.55,Kindergarten
,,DIVINE MERCY CATHOLIC SCHOOL,,Rice,84.62,Kindergarten
,,FARIBAULT LUTHERAN,,Rice,68.42,Kindergarten
,,ROOSEVELT EARLY LEARNING CENTER,,Rice,69.46,Kindergarten
,,AKIN ROAD EL.,,Dakota,94.29,Kindergarten
,,FARMINGTON EL.,,Dakota,90.32,Kindergarten
,,MEADOWVIEW ELEMENTARY SCHOOL,,Dakota,94.25,Kindergarten
,,NORTH TRAIL EL.,,Dakota,83.1,Kindergarten
,,RIVERVIEW ELEMENTARY,,Dakota,93.75,Kindergarten
,,LINCOLN SCHOOL,,Otter Tail,89.6,Kindergarten
,,HILLCREST LUTHERAN ACADEMY,,Otter Tail,86.67,Kindergarten
,,IQ ACADEMY,,Otter Tail,50.0,Kindergarten
,,OUR LADY OF VICTORY,,Otter Tail,95.0,Kindergarten
,,FERTILE-BELTRAMI EL.,,Polk,80.0,Kindergarten
,,FILLMORE CENTRAL EL.,,Fillmore,94.44,Kindergarten
,,FISHER PUBLIC SCHOOL,,Polk,76.47,Kindergarten
,,FIT ACADEMY,,Dakota,70.37,Kindergarten
,,FLOODWOOD ELEMENTARY,,St. Louis,83.33,Kindergarten
,,FOLEY ELEMENTARY,,Benton,78.26,Kindergarten
,,ST JOHN,,Benton,76.92,Kindergarten
,,FOND DU LAC OJIBWE,,Carlton,93.75,Kindergarten
,,COLUMBUS EL.,,Anoka,91.3,Kindergarten
,,FOREST VIEW EL.,,Washington,89.19,Kindergarten
,,LINO LAKES EL.,,Anoka,87.88,Kindergarten
,,LINWOOD EL.,,Anoka,82.81,Kindergarten
,,SCANDIA EL.,,Washington,83.72,Kindergarten
,,ST PETER,,Washington,60.0,Kindergarten
,,WYOMING EL.,,Chisago,92.5,Kindergarten
,,MAGELSSEN EL.,,Polk,66.67,Kindergarten
,,FRAZEE EL.,,Becker,97.3,Kindergarten
,,AL-AMAL SCHOOL,,Anoka,57.89,Kindergarten
,,HAYES EL.,,Anoka,70.67,Kindergarten
,,STEVENSON EL.,,Anoka,85.34,Kindergarten
,,WOODCREST BAPTIST ACADEMY,,Anoka,50.0,Kindergarten
,,FRIENDSHIP ACDMY OF FINE ARTS CHTR,,Hennepin,61.11,Kindergarten
,,FULDA EL.,,Murray,95.0,Kindergarten
,,G.F.W. EL.,,Sibley,76.09,Kindergarten
,,GATEWAY STEM ACADEMY CHARTER SCHOOL,,Dakota,23.53,Kindergarten
,,GLACIAL HILLS ELEMENTARY,,Pope,70.0,Kindergarten
,,FIRST EV LUTHERAN,,Mcleod,86.67,Kindergarten
,,LINCOLN EL.,,Mcleod,84.04,Kindergarten
,,GLENVILLE EMMONS E.,,Freeborn,91.3,Kindergarten
,,GLOBAL ACADEMY,,Ramsey,68.09,Kindergarten
,,GOODHUE PUBLIC SCHOOL,,Goodhue,86.67,Kindergarten
,,GOODRIDGE EL.,,Pennington,95.0,Kindergarten
,,GRANADA-HUNTLEY EAST CHAIN,,Martin,77.78,Kindergarten
,,GRAND MEADOW ELEMENTARY,,Mower,93.02,Kindergarten
,,BIGFORK EL.,,Itasca,66.67,Kindergarten
,,COHASSET EL.,,Itasca,86.49,Kindergarten
,,LIGHTHOUSE CHRISTIAN ACADEMY,,Itasca,57.89,Kindergarten
,,ST JOSEPH,,Itasca,95.0,Kindergarten
,,WEST RAPIDS ELEMENTARY,,Itasca,81.7,Kindergarten
,,GREAT OAKS ACADEMY SCHOOL OF GRAMMAR,,Dakota,66.67,Kindergarten
,,GREENBUSH EL.,,Roseau,92.86,Kindergarten
,,VANDYKE EL.,,Itasca,87.95,Kindergarten
,,GRYGLA EL.,,Marshall,95.0,Kindergarten
,,HOPE COMMUNITY ACADEMY ELEMENTARY,,Ramsey,97.92,Kindergarten
,,HANCOCK EL.,,Stevens,76.32,Kindergarten
,,CHRISTA MCAULIFFE EL.,,Dakota,92.13,Kindergarten
,,KENNEDY EL.,,Dakota,94.85,Kindergarten
,,PINE HARBOR CHRISTIAN ACADEMY,,Dakota,94.44,Kindergarten
,,PINECREST EL.,,Dakota,94.74,Kindergarten
,,ST ELIZABETH ANN SETON,,Dakota,75.0,Kindergarten
,,ST JOHN THE BAPTIST-VERMILLION,,Dakota,75.0,Kindergarten
,,HAWLEY EL.,,Clay,97.47,Kindergarten
,,HAYFIELD EL.,,Dodge,93.62,Kindergarten
,,HENNEPIN ELEMENTARY SCHOOL,,Hennepin,50.0,Kindergarten
,,HENNING SCHOOL,,Otter Tail,95.0,Kindergarten
,,HERMANTOWN EL.,,St. Louis,89.52,Kindergarten
,,HERON LAKE-OKABENA EL.,,Jackson,90.91,Kindergarten
,,HIAWATHA LEADERSHIP ACADEMY-NORTHROP,,Hennepin,78.95,Kindergarten
,,ASSUMPTION,,St. Louis,85.71,Kindergarten
,,VICTORY CHRISTIAN ACADEMY,,St. Louis,76.92,Kindergarten
,,HIGHER GROUND ACADEMY - ELEMENTARY,,Ramsey,25.33,Kindergarten
,,HILL CITY EL.,,Aitkin,73.91,Kindergarten
,,HILLS-BEAVER CREEK EL.,,Rock,95.0,Kindergarten
,,HINCKLEY EL.,,Pine,88.57,Kindergarten
,,HMONG COLLEGE PREP ACADEMY ELEM,,Ramsey,93.75,Kindergarten
,,HOLDINGFORD EL.,,Stearns,86.76,Kindergarten
,,AGAPE CHRISTI ACADEMY,,Hennepin,60.0,Kindergarten
,,ALICE SMITH EL.,,Hennepin,77.97,Kindergarten
,,BLAKE LOWER SCHOOL-HOPKINS CAMPUS,,Hennepin,94.55,Kindergarten
,,BRECK,,Hennepin,92.75,Kindergarten
,,EISENHOWER EL.,,Hennepin,83.91,Kindergarten
,,GATEWOOD EL.,,Hennepin,68.63,Kindergarten
,,GLEN LAKE EL.,,Hennepin,92.96,Kindergarten
,,GOOD SHEPHERD CATHOLIC SCHOOL,,Hennepin,94.12,Kindergarten
,,INTERNATIONAL SCHOOL OF MINNESOTA,,Hennepin,84.0,Kindergarten
,,L.H. TANGLEN EL.,,Hennepin,80.82,Kindergarten
,,MEADOWBROOK EL.,,Hennepin,95.08,Kindergarten
,,NOTRE DAME ACADEMY,,Hennepin,91.3,Kindergarten
,,XINXING ACADEMY,,Hennepin,95.0,Kindergarten
,,HORIZON SCIENCE ACADEMY TWIN CITIES,,Hennepin,33.33,Kindergarten
,,HOUSTON EL.,,Houston,79.31,Kindergarten
,,MINNESOTA VIRTUAL ACADEMY,,Houston,46.43,Kindergarten
,,HOLY TRINITY,,Mcleod,50.0,Kindergarten
,,HUMPHREY EL.,,Wright,87.8,Kindergarten
,,ST JAMES LUTHERAN,,Wright,60.0,Kindergarten
,,WINSTED EL.,,Mcleod,88.89,Kindergarten
,,HUTCHINSON WEST EL.,,Mcleod,91.11,Kindergarten
,,IMMANUEL LUTHERAN,,Mcleod,92.31,Kindergarten
,,ST ANASTASIA,,Mcleod,70.0,Kindergarten
,,INNOVATION SCIENCE AND TECHNOLOGY ACADEMY CHARTER SCHOOL,,Anoka,22.22,Kindergarten
,,FALLS ELEMENTARY SCHOOL,,Koochiching,84.31,Kindergarten
,,INTERNATIONAL SPANISH LANGUAGE ACADEMY,,Hennepin,84.07,Kindergarten
,,HILLTOP EL.,,Dakota,96.77,Kindergarten
,,PINE BEND EL.,,Dakota,93.15,Kindergarten
,,SALEM HILLS EL.,,Dakota,82.61,Kindergarten
,,ISLE EL.,,Mille Lacs,73.08,Kindergarten
,,IMMANUEL LUTHERAN,,Jackson,75.0,Kindergarten
,,RIVERSIDE ELEMENTARY,,Jackson,89.04,Kindergarten
,,JANESVILLE-WALDORF-PEMBERTON EL.,,Waseca,87.27,Kindergarten
,,RUBY RANCH,,Waseca,75.0,Kindergarten
,,TRINITY LUTHERAN,,Waseca,72.73,Kindergarten
,,JORDAN EL.,,Scott,76.84,Kindergarten
,,KALEIDOSCOPE CHARTER SCHOOL,,Wright,73.17,Kindergarten
,,KASSON-MANTORVILLE EL.,,Dodge,92.86,Kindergarten
,,KELLIHER EL.,,Beltrami,63.16,Kindergarten
,,KENYON-WANAMINGO EL.,,Goodhue,86.05,Kindergarten
,,MURDOCK EL.,,Swift,83.02,Kindergarten
,,KIMBALL EL.,,Stearns,85.71,Kindergarten
,,KINGSLAND EL.,,Fillmore,60.0,Kindergarten
,,KIPP NORTH STAR PRIMARY,,Hennepin,66.67,Kindergarten
,,KITTSON CENTRAL ELEMENTARY,,Kittson,90.0,Kindergarten
,,APPLETON EL.,,Swift,97.06,Kindergarten
,,MADISON-MARIETTA-NASSAU EL.,,Lac Qui Parle,95.0,Kindergarten
,,CRUCIFIXION,,Houston,93.75,Kindergarten
,,LACRESCENT-HOKAH EL.,,Houston,91.38,Kindergarten
,,LAKE BENTON EL.,,Lincoln,87.5,Kindergarten
,,BLUFF VIEW EL.,,Wabasha,93.33,Kindergarten
,,LK CRYSTAL WELCOME MEMORIAL EL.,,Blue Earth,90.24,Kindergarten
,,LAKE OF THE WOODS EL.,,Lake Of The Woods,73.53,Kindergarten
,,LAKE PARK ELEMENTARY,,Becker,88.57,Kindergarten
,,MINNEHAHA EL.,,Lake,78.18,Kindergarten
,,WILLIAM KELLEY,,Lake,95.0,Kindergarten
,,LILA KINDER CENTER,,Washington,86.54,Kindergarten
,,LAKEVIEW PUBLIC SCHOOLS,,Lyon,82.69,Kindergarten
,,ALL SAINTS CATHOLIC SCHOOL,,Dakota,78.72,Kindergarten
,,CHERRY VIEW EL.,,Dakota,96.46,Kindergarten
,,CHRISTIAN HERITAGE ACADEMY,,Dakota,59.46,Kindergarten
,,EASTVIEW EL.,,Dakota,90.54,Kindergarten
,,GLORY ACADEMY,,Dakota,30.0,Kindergarten
,,HIGHVIEW ELEMENTARY,,Dakota,93.89,Kindergarten
,,HUDDLESTON EL.,,Dakota,93.22,Kindergarten
,,LAKE MARION EL.,,Dakota,91.92,Kindergarten
,,LAKEVIEW EL.,,Dakota,92.31,Kindergarten
,,OAK HILLS ELEMENTARY,,Dakota,90.14,Kindergarten
,,ORCHARD LAKE EL.,,Dakota,81.82,Kindergarten
,,LANCASTER ELEMENTARY,,Kittson,90.0,Kindergarten
,,LAPORTE EL.,,Hubbard,81.82,Kindergarten
,,LEROY - OSTRANDER PUBLIC SCHOOLS,,Mower,84.21,Kindergarten
,,LESTER PRAIRIE EL.,,Mcleod,79.17,Kindergarten
,,LSH ELEMENTARY,,Le Sueur,90.74,Kindergarten
,,ST ANNES,,Le Sueur,81.25,Kindergarten
,,LEWISTON-ALTURA ELEMENTARY,,Winona,93.33,Kindergarten
,,LAKE RIPLEY EL.,,Meeker,84.91,Kindergarten
,,LINCOLN EL.,,Morrison,87.1,Kindergarten
,,MARY OF LOURDES ELEMENTARY,,Morrison,89.47,Kindergarten
,,LITTLEFORK-BIG FALLS EL.,,Koochiching,72.73,Kindergarten
,,LONG PRAIRIE EL.,,Todd,85.33,Kindergarten
,,LUVERNE EL.,,Rock,84.81,Kindergarten
,,LYLE ELEMENTARY,,Mower,94.74,Kindergarten
,,LYND EL.,,Lyon,85.71,Kindergarten
,,M.A.C.C.R.A.Y. ELEMENTARY,,Chippewa,81.25,Kindergarten
,,MABEL-CANTON,,Fillmore,94.12,Kindergarten
,,MADELIA EL.,,Watonwan,94.12,Kindergarten
,,MAHNOMEN EL.,,Mahnomen,82.0,Kindergarten
,,ST JUDE OF THE LAKE,,Washington,95.0,Kindergarten
,,WILDWOOD EL.,,Washington,93.55,Kindergarten
,,BRIDGES ELEMENTARY,,Blue Earth,92.5,Kindergarten
,,CONCORDIA CLASSICAL ACADEMY,,Blue Earth,45.45,Kindergarten
,,EAGLE LAKE EL.,,Blue Earth,98.0,Kindergarten
,,FRANKLIN EL.,,Blue Earth,88.57,Kindergarten
,,HOOVER EL.,,Nicollet,91.18,Kindergarten
,,JEFFERSON EL.,,Blue Earth,86.96,Kindergarten
,,KENNEDY EL.,,Blue Earth,83.33,Kindergarten
,,LOYOLA CATHOLIC SCHOOL,,Blue Earth,80.43,Kindergarten
,,MONROE EL.,,Nicollet,89.58,Kindergarten
,,MOUNT OLIVE LUTHERAN,,Blue Earth,80.95,Kindergarten
,,ROOSEVELT EL.,,Blue Earth,89.74,Kindergarten
,,ROSA PARKS ELEMENTARY,,Blue Earth,91.55,Kindergarten
,,WASHINGTON EL.,,Blue Earth,89.71,Kindergarten
,,MAPLE LAKE EL.,,Wright,78.0,Kindergarten
,,ST TIMOTHY,,Wright,56.25,Kindergarten
,,MAPLE RIVER EL.,,Blue Earth,83.82,Kindergarten
,,MARINE AREA COMMUNITY SCHOOL,,Washington,84.0,Kindergarten
,,MARINE VILLAGE SCHOOL,,Washington,83.33,Kindergarten
,,HOLY REDEEMER,,Lyon,85.29,Kindergarten
,,PARK SIDE EL.,,Lyon,96.89,Kindergarten
,,SAMUEL LUTHERAN,,Lyon,95.0,Kindergarten
,,TRUE LIGHT CHRISTIAN SCHOOL,,Lyon,93.75,Kindergarten
,,VIKING ELEMENTARY,,Marshall,93.55,Kindergarten
,,SHERBURN EL.,,Martin,87.1,Kindergarten
,,MCGREGOR EL.,,Aitkin,67.86,Kindergarten
,,MEDFORD EL.,,Steele,80.85,Kindergarten
,,MELROSE EL.,,Stearns,80.0,Kindergarten
,,SACRED HEART,,Stearns,76.0,Kindergarten
,,ST MARY,,Stearns,77.27,Kindergarten
,,MENAHGA ELEMENTARY SCHOOL,,Wadena,49.41,Kindergarten
,,MENAHGA ONLINE SCHOOL,,Wadena,21.43,Kindergarten
,,MESABI EAST EL.,,St. Louis,79.31,Kindergarten
,,SET ACADEMY ELEMENTARY,,Hennepin,33.72,Kindergarten
,,MIDWAY STAR ACADEMY,,Ramsey,35.0,Kindergarten
,,COMMUNITY CHRISTIAN SCHOOL,,Mille Lacs,90.0,Kindergarten
,,MILACA EL.,,Mille Lacs,77.91,Kindergarten
,,ANISHINABE ACADEMY,,Hennepin,80.0,Kindergarten
,,ANNUNCIATION,,Hennepin,85.19,Kindergarten
,,ARMATAGE EL.,,Hennepin,92.96,Kindergarten
,,ASCENSION,,Hennepin,66.67,Kindergarten
,,BANCROFT EL.,,Hennepin,82.05,Kindergarten
,,BARTON OPEN EL.,,Hennepin,88.16,Kindergarten
,,BETHUNE EL.,,Hennepin,66.04,Kindergarten
,,BRYN MAWR EL.,,Hennepin,72.06,Kindergarten
,,BURROUGHS EL.,,Hennepin,95.18,Kindergarten
,,CARONDELET CATHOLIC,,Hennepin,90.0,Kindergarten
,,CITY OF LAKES WALDORF,,Hennepin,64.44,Kindergarten
,,CITYVIEW COMMUNITY EL.,,Hennepin,72.73,Kindergarten
,,DOWLING URBAN ENVIRONMENTAL LEARNING CENTER,,Hennepin,91.11,Kindergarten
,,ELLA BAKER EL.,,Hennepin,74.51,Kindergarten
,,EMERSON SPANISH IMMERSION,,Hennepin,85.71,Kindergarten
,,FOLWELL COMMUNITY SCHOOL,,Hennepin,55.84,Kindergarten
,,GREEN CENTRAL PARK,,Hennepin,95.37,Kindergarten
,,HALE EL.,,Hennepin,95.37,Kindergarten
,,HALL EL.,,Hennepin,72.34,Kindergarten
,,HIAWATHA EL.,,Hennepin,98.0,Kindergarten
,,HMONG INTERNATIONAL ACADEMY,,Hennepin,63.33,Kindergarten
,,HOPE ACADEMY,,Hennepin,66.67,Kindergarten
,,JENNY LIND EL.,,Hennepin,66.67,Kindergarten
,,KENNY ELEMENTARY,,Hennepin,90.38,Kindergarten
,,KENWOOD EL.,,Hennepin,75.0,Kindergarten
,,LAKE COUNTRY,,Hennepin,86.21,Kindergarten
,,LAKE HARRIET LOWER,,Hennepin,96.47,Kindergarten
,,LAKE NOKOMIS COMMUNITY SCHOOL - WENONAH CAMPUS,,Hennepin,90.91,Kindergarten
,,LORING EL.,,Hennepin,84.21,Kindergarten
,,LUCY CRAFT LANEY,,Hennepin,79.1,Kindergarten
,,LYNDALE EL.,,Hennepin,70.97,Kindergarten
,,MARCY OPEN EL.,,Hennepin,79.01,Kindergarten
,,MINNEHAHA ACADEMY LOWER,,Hennepin,90.62,Kindergarten
,,NELLIE STONE JOHNSON EL.,,Hennepin,72.34,Kindergarten
,,NORTHROP EL.,,Hennepin,98.0,Kindergarten
,,OUR LADY OF PEACE,,Hennepin,95.0,Kindergarten
,,PILLSBURY EL.,,Hennepin,67.69,Kindergarten
,,POPE JOHN PAUL II,,Hennepin,66.67,Kindergarten
,,PRATT,,Hennepin,57.69,Kindergarten
,,RISEN CHRIST,,Hennepin,95.0,Kindergarten
,,SEWARD EL.,,Hennepin,80.37,Kindergarten
,,SHERIDAN EL.,,Hennepin,80.0,Kindergarten
,,ST. HELENA,,Hennepin,95.0,Kindergarten
,,SULLIVAN,,Hennepin,60.76,Kindergarten
,,TRINITY FIRST LUTHERAN,,Hennepin,95.0,Kindergarten
,,WAITE PARK EL.,,Hennepin,87.5,Kindergarten
,,WEBSTER,,Hennepin,78.95,Kindergarten
,,WHITTIER PARK INTERNATIONAL EL.,,Hennepin,66.25,Kindergarten
,,WINDOM DUAL IMMERSION,,Hennepin,83.87,Kindergarten
,,MINNEOTA PUBLIC SCHOOLS,,Lyon,97.44,Kindergarten
,,ST EDWARD,,Lyon,60.0,Kindergarten
,,MINNESOTA EXCELLENCE IN LEARNING ACADEMY,,Hennepin,88.24,Kindergarten
,,MINNESOTA NEW COUNTRY SCHOOL,,Sibley,66.67,Kindergarten
,,BANAADIR ELEMENTARY,,Hennepin,52.63,Kindergarten
,,MINNESOTA CONNECTIONS ACADEMY,,Ramsey,72.87,Kindergarten
,,MTS ELEMENTARY SCHOOL K-6,,Hennepin,56.25,Kindergarten
,,CLEAR SPRINGS ELEMENTARY,,Hennepin,90.48,Kindergarten
,,DEEPHAVEN EL.,,Hennepin,95.45,Kindergarten
,,EXCELSIOR EL.,,Hennepin,92.16,Kindergarten
,,GROVELAND EL.,,Hennepin,94.48,Kindergarten
,,MINNEWASHTA EL.,,Hennepin,93.41,Kindergarten
,,SCENIC HEIGHTS EL.,,Hennepin,93.39,Kindergarten
,,ST THERESE,,Hennepin,88.1,Kindergarten
,,MINNEWASKA ELEMENTARY K-3,,Pope,90.41,Kindergarten
,,MINNESOTA MATH AND SCIENCE ACADEMY,,Ramsey,48.65,Kindergarten
,,MODERN MONTESSORI CHARTER SCHOOL,,Hennepin,54.35,Kindergarten
,,RAMSEY EL.,,Chippewa,71.0,Kindergarten
,,EASTVIEW EDUCATION CENTER,,Wright,86.28,Kindergarten
,,MONTICELLO SCHOOL DISTRICT NATURE BASED PROGRAM,,Wright,95.0,Kindergarten
,,DOROTHY DODDS ELEMENTARY SCHOOL,,Clay,90.43,Kindergarten
,,ELLEN HOPKINS ELEMENTARY,,Clay,81.3,Kindergarten
,,PARK CHRISTIAN,,Clay,70.45,Kindergarten
,,PROBSTFIELD ELEMENTARY,,Clay,94.03,Kindergarten
,,ROBERT ASP EL.,,Clay,86.52,Kindergarten
,,S. G. REINERTSEN ELEMENTARY,,Clay,80.69,Kindergarten
,,ST JOSEPH,,Clay,84.0,Kindergarten
,,MOOSE LAKE ELEMENTARY,,Carlton,87.8,Kindergarten
,,MORA ELEMENTARY,,Kanabec,86.73,Kindergarten
,,MORRIS AREA ELEMENTARY,,Stevens,97.59,Kindergarten
,,PIKE LAKE KINDERGARTEN CENTER,,Ramsey,94.3,Kindergarten
,,SNAIL LAKE KINDERGARTEN CENTER,,Ramsey,94.94,Kindergarten
,,ST JOHN THE BAPTIST,,Ramsey,84.21,Kindergarten
,,ST ODILIA,,Ramsey,93.88,Kindergarten
,,MERRITT EL.,,St. Louis,88.68,Kindergarten
,,MOUNTAIN LAKE EL.,,Cottonwood,90.48,Kindergarten
,,MURRAY CO. CENTRAL EL.,,Murray,86.0,Kindergarten
,,NRHEG EL.,,Steele,98.0,Kindergarten
,,NASHA SHKOLA,,Hennepin,30.3,Kindergarten
,,KEEWATIN EL.,,Itasca,88.57,Kindergarten
,,NAYTAHWAUSH COMMUNITY SCHOOL,,Mahnomen,85.0,Kindergarten
,,NERSTRAND CHARTER SCHOOL,,Rice,81.82,Kindergarten
,,NEVIS ELEMENTARY,,Hubbard,76.47,Kindergarten
,,COMPASS ACADEMY,,Hennepin,30.65,Kindergarten
,,NEW CENTURY SCHOOL,,Ramsey,32.65,Kindergarten
,,NEW CITY SCHOOL,,Hennepin,86.84,Kindergarten
,,NEW DISCOVERIES MONTESSORI ELEMENTARY,,Mcleod,66.67,Kindergarten
,,PRAIRIE WOODS EL.,,Kandiyohi,90.09,Kindergarten
,,NEW MILLENNIUM ACADEMY CHARTER SCH,,Hennepin,81.82,Kindergarten
,,EAGLE VIEW ELEMENTARY,,Scott,76.81,Kindergarten
,,FALCON RIDGE ELEMENTARY,,Scott,81.82,Kindergarten
,,HOLY CROSS CATHOLIC SCHOOL,,Rice,58.82,Kindergarten
,,RAVEN STREAM ELEMENTARY,,Scott,83.33,Kindergarten
,,ST WENCESLAUS,,Scott,76.47,Kindergarten
,,NEW ULM AREA CATHOLIC SCHOOL,,Brown,95.0,Kindergarten
,,ST PAULS LUTHERAN,,Brown,72.73,Kindergarten
,,WASHINGTON LEARNING CENTER,,Brown,94.7,Kindergarten
,,NEW YORK MILLS PUBLIC SCHOOLS,,Otter Tail,83.33,Kindergarten
,,NICOLLET EL.,,Nicollet,84.62,Kindergarten
,,NOBLE ACADEMY ELEMENTARY,,Hennepin,92.31,Kindergarten
,,NORMAN COUNTY EAST ELEMENTARY,,Norman,91.67,Kindergarten
,,NORTH BRANCH AREA EDUCATION CENTER,,Chisago,82.01,Kindergarten
,,NORTH LAKES ACADEMY ELEMENTARY,,Washington,42.86,Kindergarten
,,NORTH METERO FLEX ACADEMY,,Ramsey,90.0,Kindergarten
,,NORTH SHORE COMMUNITY SCHOOL,,St. Louis,79.59,Kindergarten
,,CARVER EL.,,Ramsey,91.53,Kindergarten
,,CASTLE EL.,,Washington,91.41,Kindergarten
,,CHRIST LUTHERAN,,Ramsey,84.62,Kindergarten
,,COWERN EL.,,Ramsey,82.46,Kindergarten
,,EAGLE POINT EL.,,Washington,90.76,Kindergarten
,,JUSTICE ALAN PAGE ELEMENTARY,,Ramsey,87.25,Kindergarten
,,MOUNDS PARK ACADEMY,,Ramsey,95.0,Kindergarten
,,RICHARDSON EL.,,Ramsey,93.0,Kindergarten
,,ST PETER,,Ramsey,95.0,Kindergarten
,,WEAVER EL.,,Ramsey,97.06,Kindergarten
,,NORTHEAST COLLEGE PREP,,Hennepin,85.0,Kindergarten
,,BRIDGEWATER EL.,,Rice,88.51,Kindergarten
,,GREENVALE PARK EL.,,Rice,86.25,Kindergarten
,,SPRING CREEK EL.,,Rice,92.65,Kindergarten
,,ST DOMINIC,,Rice,75.0,Kindergarten
,,NORTHLAND ELEMENTARY,,Cass,86.96,Kindergarten
,,CENTRAL EL.,,Carver,91.07,Kindergarten
,,ST JOHNS LUTHERAN-YOUNG AMERICA,,Carver,81.25,Kindergarten
,,ZION LUTHERAN-COLOGNE,,Carver,92.86,Kindergarten
,,NOTRE ECOLE ACADEMY,,Hennepin,90.91,Kindergarten
,,NOVA CLASSICAL ACADEMY - LOWER SCHOOL,,Ramsey,80.0,Kindergarten
,,OAK HILL MONTESSORI COMMUNITY SCHOOL,,Ramsey,94.44,Kindergarten
,,OGILVIE PUBLIC SCHOOLS,,Kanabec,84.62,Kindergarten
,,ONAMIA PRIMARY,,Mille Lacs,97.14,Kindergarten
,,HOLY NAME OF JESUS,,Hennepin,88.89,Kindergarten
,,SCHUMANN EL.,,Hennepin,85.42,Kindergarten
,,KNOLL EL.,,Big Stone,62.22,Kindergarten
,,OSAKIS ELEM,,Douglas,85.48,Kindergarten
,,AVA MARIA ACADEMY,,Hennepin,68.42,Kindergarten
,,BASSWOOD EL.,,Hennepin,95.49,Kindergarten
,,BIRCH GROVE EL.,,Hennepin,96.36,Kindergarten
,,CEDAR ISLAND EL.,,Hennepin,95.89,Kindergarten
,,EDINBROOK EL.,,Hennepin,91.26,Kindergarten
,,ELM CREEK ELEMENTARY,,Hennepin,96.05,Kindergarten
,,FAIR OAKS EL.,,Hennepin,92.45,Kindergarten
,,FERNBROOK EL.,,Hennepin,91.01,Kindergarten
,,GARDEN CITY EL.,,Hennepin,97.67,Kindergarten
,,HERITAGE CHRISTIAN ACADEMY,,Hennepin,75.0,Kindergarten
,,MARANATHA CHRISTIAN ACADEMY-BROOKLY,,Hennepin,78.57,Kindergarten
,,OAK VIEW EL.,,Hennepin,96.2,Kindergarten
,,PALMER LAKE EL.,,Hennepin,94.29,Kindergarten
,,PARK BROOK EL.,,Hennepin,90.57,Kindergarten
,,RICE LAKE EL.,,Hennepin,89.58,Kindergarten
,,RUSH CREEK EL.,,Hennepin,92.31,Kindergarten
,,ST JOHNS LUTHERAN,,Hennepin,93.75,Kindergarten
,,ST VINCENT DE PAUL,,Hennepin,84.62,Kindergarten
,,WEAVER LAKE EL.,,Hennepin,95.88,Kindergarten
,,WOODLAND ELEMENTARY SCHOOL,,Hennepin,89.36,Kindergarten
,,ZANEWOOD COMMUNITY SCHOOL,,Hennepin,95.89,Kindergarten
,,LINCOLN EL.,,Steele,83.82,Kindergarten
,,MCKINLEY EL.,,Steele,90.91,Kindergarten
,,ST MARYS,,Steele,70.37,Kindergarten
,,WASHINGTON EL.,,Steele,96.55,Kindergarten
,,WILSON EL.,,Steele,86.3,Kindergarten
,,PACT CHARTER SCHOOL ELEMENTARY,,Anoka,68.18,Kindergarten
,,PARK RAPIDS AREA CENTURY EL.,,Hubbard,86.87,Kindergarten
,,PARKERS PRAIRIE ELEMENTARY,,Otter Tail,80.95,Kindergarten
,,PARNASSUS PREPARATORY SCHOOL,,Hennepin,84.13,Kindergarten
,,"PARTNERSHIP ACADEMY, INC",,Hennepin,76.47,Kindergarten
,,PAYNESVILLE EL.,,Stearns,94.03,Kindergarten
,,PELICAN RAPIDS EL.,,Otter Tail,76.06,Kindergarten
,,PLAINVIEW ELGIN MILLVILLE K-3,,Wabasha,90.83,Kindergarten
,,EAGLE VIEW ELEM,,Crow Wing,55.45,Kindergarten
,,HEART OF THE LAKE EL.,,Otter Tail,82.57,Kindergarten
,,ST HENRY,,Otter Tail,87.5,Kindergarten
,,PHOENIX ACADEMY CHARTER SCHOOL,,Chisago,70.83,Kindergarten
,,HOLY TRINITY,,Morrison,86.96,Kindergarten
,,PIONEER EL.,,Morrison,85.07,Kindergarten
,,PILLAGER PUBIC SCHOOLS,,Cass,81.72,Kindergarten
,,PINE CITY ELEM2,,Pine,84.16,Kindergarten
,,PINE ISLAND EL.,,Olmsted,88.03,Kindergarten
,,PINE RIVER-BACKUS ELEMENTARY K-6,,Cass,61.11,Kindergarten
,,PIPESTONE AREA ELEMENTARY SCHOOLS,,Pipestone,93.68,Kindergarten
,,PRAIRIE CREEK COMMUNITY SCHOOL,,Dakota,96.67,Kindergarten
,,PRAIRIE SEEDS ACADEMY,,Hennepin,89.06,Kindergarten
,,PRINCETON ONLINE MN K-8,,Mille Lacs,30.0,Kindergarten
,,PRINCETON PRIMARY SCHOOL K-2,,Mille Lacs,78.68,Kindergarten
,,CENTRAL MINNESOTA CHRISTIAN,,Kandiyohi,42.11,Kindergarten
,,BAITUL HIKMAH,,Scott,7.69,Kindergarten
,,FIVE HAWKS EL.,,Scott,86.79,Kindergarten
,,GLENDALE EL.,,Scott,83.15,Kindergarten
,,HAMILTON RIDGE ELEMENTARY,,Scott,82.93,Kindergarten
,,JEFFERS POND ELEMENTARY,,Scott,95.74,Kindergarten
,,LA OLA DEL LAGO AT GRAINWOOD,,Scott,89.47,Kindergarten
,,REDTAIL RIDGE ELEMENATARY,,Scott,91.18,Kindergarten
,,ST MICHAELS CATHOLIC,,Scott,86.49,Kindergarten
,,WESTWOOD ELEMENTARY,,Scott,95.38,Kindergarten
,,BAY VIEW EL.,,St. Louis,90.79,Kindergarten
,,PIKE LAKE EL.,,St. Louis,95.35,Kindergarten
,,PRODEO ACADEMY - COLUMBIA HEIGHTS,,Anoka,83.33,Kindergarten
,,PRODEO ACADEMY ST PAUL,,Ramsey,84.09,Kindergarten
,,QUANTUM STEAM ACADEMY CHARTER SCHOOL,,Ramsey,23.08,Kindergarten
,,RANDOLPH EL.,,Dakota,86.21,Kindergarten
,,PONEMAH EL.,,Beltrami,95.0,Kindergarten
,,RED LAKE EL.,,Beltrami,75.0,Kindergarten
,,RED LAKE COUNTY CENTRAL ELEMENTARY,,Red Lake,95.0,Kindergarten
,,J.A. HUGHES EL.,,Red Lake,91.67,Kindergarten
,,RED ROCK CENTRAL,,Redwood,63.16,Kindergarten
,,SUNNYSIDE EL.,,Goodhue,95.21,Kindergarten
,,REDWOOD VALLEY ELEMENTARY SCHOOL,,Redwood,84.52,Kindergarten
,,ST JOHN LUTHERAN,,Redwood,72.73,Kindergarten
,,RENVILLE COUNTY WEST PUBLIC SCHOOL #2890,,Renville,88.24,Kindergarten
,,BLESSED TRINITY-PENN CAMPUS,,Hennepin,86.67,Kindergarten
,,CENTENNIAL ELEMENTARY,,Hennepin,84.0,Kindergarten
,,RICHFIELD DUAL LANGUAGE SCHOOL,,Hennepin,90.8,Kindergarten
,,RICHFIELD S.T.E.M. SCHOOL,,Hennepin,97.75,Kindergarten
,,SHERIDAN HILLS EL.,,Hennepin,73.85,Kindergarten
,,RIDGEWAY COMMUNITY SCHOOL,,Houston,84.62,Kindergarten
,,RIVERWAY LEARNING COMMUNITY CHTR,,Winona,90.91,Kindergarten
,,FAIR--PILGRIM LANE ELEMENTARY,,Hennepin,98.0,Kindergarten
,,FOREST EL.,,Hennepin,90.0,Kindergarten
,,LAKEVIEW EL.,,Hennepin,98.0,Kindergarten
,,MEADOW LAKE EL.,,Hennepin,89.71,Kindergarten
,,NEILL EL.,,Hennepin,78.85,Kindergarten
,,NOBLE EL.,,Hennepin,92.86,Kindergarten
,,NORTHPORT EL.,,Hennepin,96.15,Kindergarten
,,ROBBINSDALE SPANISH IMMERSION EL.,,Hennepin,98.0,Kindergarten
,,SCHOOL OF ENGINEERING-ARTS AT OLSON,,Hennepin,93.24,Kindergarten
,,ZACHARY LANE EL.,,Hennepin,97.18,Kindergarten
,,BAMBER VALLEY EL.,,Olmsted,97.06,Kindergarten
,,BISHOP EL.,,Olmsted,92.55,Kindergarten
,,CHURCHILL EL.,,Olmsted,90.32,Kindergarten
,,ELTON HILLS EL.,,Olmsted,96.08,Kindergarten
,,FOLWELL EL.,,Olmsted,93.55,Kindergarten
,,FRANKLIN EL.,,Olmsted,88.04,Kindergarten
,,GAGE EL.,,Olmsted,89.09,Kindergarten
,,GIBBS ELEMENTARY SCHOOL,,Olmsted,94.39,Kindergarten
,,HOLY SPIRIT,,Olmsted,83.33,Kindergarten
,,JEFFERSON EL.,,Olmsted,90.8,Kindergarten
,,LINCOLN AT MANN EL.,,Olmsted,98.0,Kindergarten
,,LONGFELLOW EL.,,Olmsted,94.12,Kindergarten
,,OVERLAND ELEMENTARY,,Olmsted,92.68,Kindergarten
,,PINEWOOD EL.,,Olmsted,92.59,Kindergarten
,,RESURRECTION LUTHERAN,,Olmsted,72.22,Kindergarten
,,RIVERSIDE CENTRAL,,Olmsted,93.26,Kindergarten
,,ROCHESTER ARTS AND SCIENCE ACADEMY,,Olmsted,98.0,Kindergarten
,,ROCHESTER CENTRAL LUTHERAN,,Olmsted,95.65,Kindergarten
,,ROCHESTER MONTESSORI,,Olmsted,95.0,Kindergarten
,,SCHAEFFER ACADEMY,,Olmsted,54.55,Kindergarten
,,ST FRANCIS,,Olmsted,93.55,Kindergarten
,,ST PIUS X,,Olmsted,86.36,Kindergarten
,,SUNSET TERRACE EL.,,Olmsted,92.68,Kindergarten
,,WASHINGTON EL.,,Olmsted,96.49,Kindergarten
,,ROCHESTER MATH AND SCIENCE ACADEMY,,Olmsted,40.0,Kindergarten
,,LAURENTIAN ELEMENTARY,,St. Louis,88.33,Kindergarten
,,MARQUETTE,,St. Louis,47.06,Kindergarten
,,PARKVIEW ELEMENTARY,,St. Louis,90.28,Kindergarten
,,ROCKFORD EL.,,Wright,72.45,Kindergarten
,,COLD SPRING EL.,,Stearns,85.71,Kindergarten
,,JOHN CLARK ELEMENTARY,,Stearns,57.69,Kindergarten
,,RICHMOND EL.,,Stearns,88.89,Kindergarten
,,SAINTS PETER & PAUL,,Stearns,95.0,Kindergarten
,,ST BONIFACE,,Stearns,62.07,Kindergarten
,,ROLLINGSTONE COMMUNITY SCHOOL,,Winona,95.0,Kindergarten
,,ROSEAU EL.,,Roseau,86.76,Kindergarten
,,CEDAR PARK ELEMENTARY,,Dakota,79.21,Kindergarten
,,DEERWOOD EL.,,Dakota,96.34,Kindergarten
,,DIAMOND PATH EL.,,Dakota,86.11,Kindergarten
,,EAST LAKE ELEMENTARY SCHOOL,,Dakota,88.68,Kindergarten
,,ECHO PARK EL.,,Dakota,78.79,Kindergarten
,,EMERALD TRAIL ELEM,,Dakota,86.54,Kindergarten
,,FAITHFUL SHEPHERD CATHOLIC,,Dakota,82.98,Kindergarten
,,FIRST BAPTIST,,Dakota,35.0,Kindergarten
,,GLACIER HILLS ELEMENTARY SCHOOL OF ARTS & SCIENCE,,Dakota,92.97,Kindergarten
,,GREENLEAF EL.,,Dakota,91.74,Kindergarten
,,HIGHLAND EL.,,Dakota,89.53,Kindergarten
,,HIKMAH ACADEMY,,Dakota,42.86,Kindergarten
,,NORTHVIEW EL.,,Dakota,88.24,Kindergarten
,,OAK RIDGE EL.,,Dakota,81.91,Kindergarten
,,PARKVIEW EL.,,Dakota,82.18,Kindergarten
,,PINEWOOD EL.,,Dakota,97.14,Kindergarten
,,RED PINE ELEMENTARY,,Dakota,95.06,Kindergarten
,,ROSEMOUNT EL.,,Dakota,88.24,Kindergarten
,,SHANNON PARK EL.,,Dakota,91.4,Kindergarten
,,SOUTHVIEW EL.,,Dakota,86.67,Kindergarten
,,THOMAS LAKE EL.,,Dakota,86.59,Kindergarten
,,WESTVIEW EL.,,Dakota,89.61,Kindergarten
,,WOODLAND EL.,,Dakota,93.81,Kindergarten
,,BRIMHALL EL.,,Ramsey,98.0,Kindergarten
,,CENTRAL PARK EL.,,Ramsey,96.08,Kindergarten
,,E.D. WILLIAMS EL.,,Ramsey,92.42,Kindergarten
,,EDGERTON EL.,,Ramsey,91.84,Kindergarten
,,FALCON HEIGHTS EL.,,Ramsey,91.38,Kindergarten
,,HAND IN HAND CHRISTIAN MONTESSORI,,Ramsey,55.0,Kindergarten
,,HARAMBEE ELEMENTARY SCHOOL,,Ramsey,89.36,Kindergarten
,,KING OF KINGS LUTHERAN,,Ramsey,95.0,Kindergarten
,,LITTLE CANADA EL.,,Ramsey,96.43,Kindergarten
,,MINNESOTA WALDORF,,Ramsey,70.27,Kindergarten
,,NORTH HEIGHTS CHRISTIAN ACADEMY,,Ramsey,68.75,Kindergarten
,,PARKVIEW CENTER EL.,,Ramsey,92.31,Kindergarten
,,ST JEROME,,Ramsey,89.47,Kindergarten
,,ST JOHN SCHOOL OF LITTLE CANADA,,Ramsey,87.5,Kindergarten
,,ST ROSE OF LIMA,,Ramsey,83.33,Kindergarten
,,ROTHSAY PUBLIC SCHOOLS,,Wilkin,81.48,Kindergarten
,,ROUND LAKE-BREWSTER PUBLIC SCHOOLS,,Nobles,93.75,Kindergarten
,,ROYALTON EL.,,Morrison,92.96,Kindergarten
,,RTR PUBLIC SCHOOL,,Lincoln,82.61,Kindergarten
,,RUSHFORD-PETERSON EL.,,Fillmore,82.05,Kindergarten
,,OAK RIDGE ELEMENTARY LEARING CENTER,,Stearns,94.64,Kindergarten
,,ST FRANCIS XAVIER,,Stearns,93.62,Kindergarten
,,HOLY FAMILY-SAUK CENTRE,,Stearns,75.76,Kindergarten
,,SAUK CENTRE EL.,,Stearns,91.94,Kindergarten
,,MISSISSIPPI HEIGHTS ELEMENTARY,,Benton,89.05,Kindergarten
,,PLEASANT VIEW EL.,,Benton,94.74,Kindergarten
,,RICE EL.,,Benton,91.49,Kindergarten
,,SCHOOLCRAFT LEARNING COMMUNITY,,Beltrami,78.95,Kindergarten
,,SCITECH ACADEMY CHARTER SCHOOL,,Hennepin,22.58,Kindergarten
,,SEBEKA EL.,,Wadena,75.86,Kindergarten
,,SEJONG ACADEMY OF MINNESOTA,,Ramsey,82.61,Kindergarten
,,SEVEN HILLS PREP ACADEMY - LOWER BURNSVILLE,,Dakota,65.12,Kindergarten
,,SEVEN HILLS PREP ACADEMY LOWER RICHFIELD,,Hennepin,82.98,Kindergarten
,,EAGLE CREEK,,Scott,72.41,Kindergarten
,,JACKSON ELEMENTARY,,Scott,87.5,Kindergarten
,,LIVING HOPE LUTHERAN SCHOOL,,Scott,81.82,Kindergarten
,,RED OAK ELEMENTARY,,Scott,71.67,Kindergarten
,,SHAKOPEE AREA CATHOLIC,,Scott,81.67,Kindergarten
,,SUN PATH EL.,,Scott,81.25,Kindergarten
,,SWEENEY EL.,,Scott,76.99,Kindergarten
,,SIBLEY EAST-GAYLORD EL.,,Sibley,80.0,Kindergarten
,,SLEEPY EYE EL.,,Brown,93.55,Kindergarten
,,ST MARYS CATHOLIC,,Brown,76.92,Kindergarten
,,SOJOURNER TRUTH ACADEMY,,Hennepin,78.38,Kindergarten
,,NORTHOME EL.,,Koochiching,63.64,Kindergarten
,,KAPOSIA EDUCATION CENTER EL.,,Dakota,93.67,Kindergarten
,,LINCOLN CENTER EL.,,Dakota,91.46,Kindergarten
,,ARMSTRONG ELEMENTARY,,Washington,95.0,Kindergarten
,,COTTAGE GROVE ELEMENTARY,,Washington,93.44,Kindergarten
,,CRESTVIEW EL.,,Washington,91.07,Kindergarten
,,GORDON BAILEY EL.,,Washington,88.07,Kindergarten
,,GREY CLOUD EL.,,Washington,91.59,Kindergarten
,,HILLSIDE EL.,,Washington,92.06,Kindergarten
,,LIBERTY RIDGE ELEMENTARY,,Washington,92.98,Kindergarten
,,MIDDLETON EL.,,Washington,88.73,Kindergarten
,,NEW LIFE ACADEMY,,Washington,63.64,Kindergarten
,,NEWPORT EL.,,Washington,82.5,Kindergarten
,,NUEVAS FRONTERAS SPANISH IMMERSION,,Washington,96.74,Kindergarten
,,PINE HILL EL.,,Washington,93.33,Kindergarten
,,"PRIMROSE SCHOOL OF WOODBURY TALL GIRAFFE, INC.",,Washington,91.67,Kindergarten
,,PULLMAN EL.,,Washington,93.65,Kindergarten
,,RED ROCK ELEMENTARY,,Washington,95.24,Kindergarten
,,ROYAL OAKS EL.,,Washington,93.94,Kindergarten
,,SAINT AMBROSE OF WOODBURY,,Washington,88.73,Kindergarten
,,VALLEY CROSSING ELEMENTARY,,Washington,97.56,Kindergarten
,,WOODBURY EL.,,Washington,94.25,Kindergarten
,,SOUTHLAND EL.,,Mower,92.86,Kindergarten
,,SPERO ACADEMY,,Hennepin,92.0,Kindergarten
,,SPERO ACADEMY BROOKLYN PARK,,Hennepin,77.27,Kindergarten
,,SPRING GROVE PUBLIC SCHOOLS,,Houston,80.95,Kindergarten
,,AVAIL ACADEMY K-8,,Anoka,70.0,Kindergarten
,,CENTERVIEW ELEMENTARY,,Anoka,91.89,Kindergarten
,,NORTHPOINT ELEMENTARY,,Anoka,93.15,Kindergarten
,,PARK TERRACE EL.,,Anoka,93.26,Kindergarten
,,WOODCREST EL.,,Anoka,94.44,Kindergarten
,,SPRINGFIELD PUBLIC SCHOOL,,Brown,89.74,Kindergarten
,,ST CROIX PREPARATORY ACADEMY,,Washington,94.44,Kindergarten
,,ST CHARLES BORROMEO,,Hennepin,88.46,Kindergarten
,,WILSHIRE PARK EL.,,Hennepin,93.97,Kindergarten
,,ST. CHARLES EL.,,Winona,95.77,Kindergarten
,,ST. CLAIR EL.,,Blue Earth,84.78,Kindergarten
,,ALL SAINTS ACADEMY - ST CLOUD CAMPUS,,Stearns,95.0,Kindergarten
,,CLEARVIEW EL.,,Sherburne,92.31,Kindergarten
,,DISCOVERY COMMUNITY EL.,,Stearns,74.36,Kindergarten
,,KENNEDY EL.,,Stearns,86.27,Kindergarten
,,MADISON EL.,,Stearns,81.48,Kindergarten
,,OAK HILL COMMUNITY EL.,,Stearns,55.42,Kindergarten
,,PRINCE OF PEACE LUTHERAN,,Stearns,92.31,Kindergarten
,,ST CLOUD CHRISTIAN,,Benton,50.0,Kindergarten
,,ST ELIZABETH ANN SETON SCHOOL,,Stearns,93.33,Kindergarten
,,ST WENDELIN,,Stearns,62.5,Kindergarten
,,ST. JOSEPH CATHOLIC SCHOOL,,Stearns,92.0,Kindergarten
,,ST. KATHARINE DREXEL SCHOOL,,Benton,87.5,Kindergarten
,,TALAHI COMMUNITY EL.,,Sherburne,76.05,Kindergarten
,,WESTWOOD EL.,,Stearns,92.23,Kindergarten
,,ST. CLOUD MATH & SCIENCE ACADEMY,,Stearns,41.86,Kindergarten
,,CEDAR CREEK COMMUNITY EL.,,Anoka,85.71,Kindergarten
,,EAST BETHEL COMMUNITY EL.,,Anoka,86.67,Kindergarten
,,ST. FRANCIS EL.,,Anoka,88.54,Kindergarten
,,ST. JAMES NORTHSIDE EL.,,Watonwan,96.84,Kindergarten
,,CHERRY EL.,,St. Louis,65.52,Kindergarten
,,NORTHWOODS ELEMENTARY AND SECONDARY,,St. Louis,83.33,Kindergarten
,,SOUTH RIDGE ELEMENTARY AND SOUTH RIDGE HIGH SCHOOL,,St. Louis,85.71,Kindergarten
,,AQUILA EL.,,Hennepin,88.1,Kindergarten
,,HEILICHER MINNEAPOLIS JEWISH DAY SCHOOL,,Hennepin,95.0,Kindergarten
,,HOLY FAMILY ACADEMY,,Hennepin,91.3,Kindergarten
,,PARK SPANISH IMMERSION EL.,,Hennepin,94.74,Kindergarten
,,PETER HOBART EL.,,Hennepin,96.67,Kindergarten
,,SUSAN LINDGREN EL.,,Hennepin,92.05,Kindergarten
,,TORAH ACADEMY,,Hennepin,81.58,Kindergarten
,,ALBERTVILLE PRIMARY EL.,,Wright,90.05,Kindergarten
,,ST MICHAEL CATHOLIC SCHOOL,,Wright,42.55,Kindergarten
,,ADAMS,,Ramsey,95.76,Kindergarten
,,AMERICAN INDIAN,,Ramsey,96.67,Kindergarten
,,BARACK AND MICHELLE OBAMA MONTESSORI,,Ramsey,98.0,Kindergarten
,,BATTLE CREEK EL.,,Ramsey,95.31,Kindergarten
,,BENJAMIN MAYS,,Ramsey,86.96,Kindergarten
,,BRUCE VENTO,,Ramsey,89.19,Kindergarten
,,CHELSEA HEIGHTS,,Ramsey,95.74,Kindergarten
,,CHEROKEE HEIGHTS,,Ramsey,83.72,Kindergarten
,,COMO PARK EL.,,Ramsey,85.19,Kindergarten
,,CROSSROADS MONTESSORI,,Ramsey,86.49,Kindergarten
,,CROSSROADS SCIENCE,,Ramsey,93.75,Kindergarten
,,DAYTONS BLUFF,,Ramsey,97.5,Kindergarten
,,EAST AFRICAN CULTURE AND LEARNING PROGRAM,,Ramsey,50.0,Kindergarten
,,EASTERN HEIGHTS,,Ramsey,97.78,Kindergarten
,,EXPO,,Ramsey,93.33,Kindergarten
,,FARNSWORTH LOWER,,Ramsey,94.29,Kindergarten
,,FOUR SEASONS,,Ramsey,82.05,Kindergarten
,,FRIENDS SCHOOL OF MINNESOTA,,Ramsey,95.0,Kindergarten
,,FROST LAKE,,Ramsey,96.84,Kindergarten
,,GLOBAL ARTS LOWER,,Ramsey,93.06,Kindergarten
,,GROVELAND PARK,,Ramsey,98.0,Kindergarten
,,HAMLINE,,Ramsey,86.89,Kindergarten
,,HAZEL PARK,,Ramsey,86.67,Kindergarten
,,HEIGHTS,,Ramsey,96.55,Kindergarten
,,HIGHLAND CATHOLIC,,Ramsey,98.0,Kindergarten
,,HIGHLAND PARK EL.,,Ramsey,90.91,Kindergarten
,,HIGHWOOD HILLS,,Ramsey,90.7,Kindergarten
,,HOLY SPIRIT,,Ramsey,94.44,Kindergarten
,,HORACE MANN,,Ramsey,92.0,Kindergarten
,,JEAN LYLE CHILDRENS CENTER,,Ramsey,95.0,Kindergarten
,,JIE MING,,Ramsey,94.2,Kindergarten
,,LETOILE DU NORD,,Ramsey,95.74,Kindergarten
,,MAXFIELD,,Ramsey,76.27,Kindergarten
,,MISSISSIPPI,,Ramsey,89.66,Kindergarten
,,NATIVITY,,Ramsey,93.55,Kindergarten
,,NOKOMIS NORTH,,Ramsey,98.0,Kindergarten
,,NOKOMIS SOUTH,,Ramsey,95.35,Kindergarten
,,RANDOLPH HEIGHTS,,Ramsey,94.74,Kindergarten
,,RIVERVIEW,,Ramsey,90.0,Kindergarten
,,ST. AGNES,,Ramsey,64.86,Kindergarten
,,ST. ANTHONY PARK,,Ramsey,84.93,Kindergarten
,,ST. PASCAL REGIONAL,,Ramsey,90.0,Kindergarten
,,ST. PAUL ACADEMY - SUMMIT (LOWER),,Ramsey,97.22,Kindergarten
,,ST. PAUL MUSIC ACADEMY,,Ramsey,95.06,Kindergarten
,,ST. THOMAS MORE,,Ramsey,97.06,Kindergarten
,,SUNNY HOLLOW MONTESSORI,,Ramsey,95.0,Kindergarten
,,TXUJ CI HMONG LANGUAGE AND CULTURE LOWER,,Ramsey,98.0,Kindergarten
,,WELLSTONE,,Ramsey,95.89,Kindergarten
,,ST. PAUL CITY SCHOOL -PRIMARY SCHOOL,,Ramsey,60.0,Kindergarten
,,ST. PAUL SCHOOL OF NORTHERN LIGHTS,,Ramsey,76.67,Kindergarten
,,SOUTH EL.,,Nicollet,90.37,Kindergarten
,,ST PETER EVANGELICAL LUTHERAN,,Nicollet,95.0,Kindergarten
,,SACRED HEART,,Todd,70.0,Kindergarten
,,STAPLES EL.,,Todd,83.87,Kindergarten
,,STAR OF THE NORTH ACADEMY - COON RAPIDS CAMPUS,,Anoka,56.52,Kindergarten
,,STAR OF THE NORTH ACADEMY - EAST BETHEL CAMPUS,,Anoka,41.18,Kindergarten
,,STEAM ACADEMY CHARTER SCHOOL,,Dakota,45.0,Kindergarten
,,STEP ACADEMY ELEMENTARY,,Ramsey,61.54,Kindergarten
,,STEP ACADEMY ELEMENTARY - BURNSVILLE,,Dakota,21.05,Kindergarten
,,ARGYLE ELEMENTARY,,Marshall,80.77,Kindergarten
,,BONNER EL.,,Olmsted,92.59,Kindergarten
,,AFTON-LAKELAND EL.,,Washington,94.23,Kindergarten
,,ANDERSEN EL.,,Washington,88.57,Kindergarten
,,BROOKVIEW ELEMENTARY,,Washington,93.51,Kindergarten
,,LAKE ELMO EL.,,Washington,91.13,Kindergarten
,,LIBERTY CLASSICAL ACADEMY - HUGO CAMPUS,,Washington,57.89,Kindergarten
,,LILY LAKE EL.,,Washington,89.29,Kindergarten
,,RUTHERFORD EL.,,Washington,98.0,Kindergarten
,,SALEM LUTHERAN,,Washington,55.56,Kindergarten
,,ST CROIX CATHOLIC,,Washington,63.27,Kindergarten
,,ST CROIX MONTESSORI,,Washington,80.0,Kindergarten
,,STONEBRIDGE EL.,,Washington,95.24,Kindergarten
,,STONEBRIDGE WORLD SCHOOL,,Hennepin,75.0,Kindergarten
,,STRIDE ACADEMY ELEMENTARY,,Stearns,33.33,Kindergarten
,,SUCCESS ACADEMY - BLOOMINGTON - ELEMENTARY,,Hennepin,23.53,Kindergarten
,,SUCCESS ACADEMY SAINT CLOUD,,Stearns,22.22,Kindergarten
,,SURAD ACADEMY,,Rice,25.93,Kindergarten
,,SWAN RIVER MONTESSORI CHARTER SCH,,Wright,31.43,Kindergarten
,,SWANVILLE EL.,,Morrison,86.67,Kindergarten
,,TEAM ACADEMY,,Waseca,72.73,Kindergarten
,,THE JOURNEY SCHOOL,,Ramsey,80.0,Kindergarten
,,CHALLENGER EL.,,Pennington,95.0,Kindergarten
,,ST BERNARD,,Pennington,94.44,Kindergarten
,,THREE RIVERS MONTESSORI SCHOOL,,Sherburne,46.43,Kindergarten
,,TRACY ELEMENTARY,,Lyon,91.11,Kindergarten
,,LECENTER K-8,,Le Sueur,89.47,Kindergarten
,,LONSDALE K-4,,Rice,87.5,Kindergarten
,,MONTGOMERY K-8,,Le Sueur,95.35,Kindergarten
,,KARLSTAD ELEMENTARY,,Kittson,86.67,Kindergarten
,,TRITON PRIMARY EL.,,Dodge,86.3,Kindergarten
,,TRUMAN PUBLIC SCHOOL,,Martin,95.0,Kindergarten
,,TWIN CITIES GERMAN IMMERSION CHRTR,,Ramsey,93.44,Kindergarten
,,TWIN CITIES INTERNATIONAL SCHOOLS,,Hennepin,50.0,Kindergarten
,,TWIN LAKES STEM ACADEMY,,Anoka,33.33,Kindergarten
,,ULEN-HITTERDAL EL.,,Clay,77.78,Kindergarten
,,UNDERWOOD EL.,,Otter Tail,85.71,Kindergarten
,,USC SCHOOL,,Faribault,93.75,Kindergarten
,,UNIVERSAL ACADEMY CHARTER SCHOOL,,Hennepin,22.45,Kindergarten
,,UNIVERSAL ACADEMY SOUTH ELEMENTARY,,Dakota,22.58,Kindergarten
,,UPSALA AREA SCHOOLS,,Morrison,73.08,Kindergarten
,,URBAN ACADEMY CHARTER SCHOOL,,Ramsey,77.78,Kindergarten
,,VERNDALE EL.,,Wadena,83.87,Kindergarten
,,ST FELIX,,Wabasha,95.0,Kindergarten
,,WABASHA-KELLOGG EL.,,Wabasha,95.0,Kindergarten
,,WABASSO PUBLIC SCHOOL,,Redwood,77.78,Kindergarten
,,BAYVIEW ELEMENTARY,,Carver,96.63,Kindergarten
,,LAKETOWN ELEMENTARY,,Carver,82.54,Kindergarten
,,SOUTHVIEW EL.,,Carver,82.56,Kindergarten
,,ST JOSEPH,,Carver,79.17,Kindergarten
,,TRINITY LUTHERAN,,Carver,67.65,Kindergarten
,,WADENA-DEER CREEK EL.,,Wadena,82.05,Kindergarten
,,W.H.A. EL.,,Cass,82.76,Kindergarten
,,WARREN EL.,,Marshall,89.47,Kindergarten
,,WARROAD EL.,,Roseau,77.78,Kindergarten
,,HARTLEY ELEMENTARY,,Waseca,97.7,Kindergarten
,,SACRED HEART,,Waseca,81.82,Kindergarten
,,CHRIST COMMUNITY,,Carver,68.18,Kindergarten
,,WATERTOWN-MAYER EL.,,Carver,90.59,Kindergarten
,,ZION LUTHERAN-MAYER,,Carver,71.43,Kindergarten
,,WATERVILLE EL.,,Le Sueur,92.5,Kindergarten
,,OGEMA ELEMENTARY,,Becker,88.64,Kindergarten
,,BIRCHVIEW EL.,,Hennepin,86.52,Kindergarten
,,FOURTH BAPTIST,,Hennepin,50.0,Kindergarten
,,GLEASON LAKE EL.,,Hennepin,96.39,Kindergarten
,,GREENWOOD EL.,,Hennepin,92.21,Kindergarten
,,HAND IN HAND MONTESSORI-WEST CAMPUS,,Hennepin,40.91,Kindergarten
,,KIMBERLY LANE EL.,,Hennepin,93.41,Kindergarten
,,MEADOW RIDGE ELEMENTARY,,Hennepin,89.92,Kindergarten
,,NORTH WOODS ELEMENTARY SCHOOL,,Hennepin,93.6,Kindergarten
,,OAKWOOD EL.,,Hennepin,87.34,Kindergarten
,,PLYMOUTH CREEK ELEMENTARY,,Hennepin,97.06,Kindergarten
,,PROVIDENCE ACADEMY,,Hennepin,82.69,Kindergarten
,,REDEEMER CHRISTIAN ACADEMY,,Hennepin,41.18,Kindergarten
,,SUNSET HILL EL.,,Hennepin,86.49,Kindergarten
,,WEST CENTRAL AREA NORTH ELEMENTARY,,Grant,81.82,Kindergarten
,,WEST CENTRAL AREA SOUTH ELEMENTARY,,Grant,81.82,Kindergarten
,,COMMUNITY OF SAINTS,,Dakota,94.44,Kindergarten
,,CONVENT OF THE VISITATION,,Dakota,95.0,Kindergarten
,,CROWN OF LIFE,,Dakota,80.0,Kindergarten
,,GARLOUGH EL.,,Dakota,92.5,Kindergarten
,,MENDOTA EL.,,Dakota,94.44,Kindergarten
,,MORELAND EL.,,Dakota,95.38,Kindergarten
,,PILOT KNOB STEM MAGNET SCHOOL,,Dakota,89.74,Kindergarten
,,SOMERSET EL.,,Dakota,94.44,Kindergarten
,,ST JOSEPH,,Dakota,83.33,Kindergarten
,,TRINITY LONE OAK LUTHERAN,,Dakota,81.25,Kindergarten
,,WALNUT GROVE ELEMENTARY,,Redwood,83.33,Kindergarten
,,HILLTOP PRIMARY SCHOOL,,Hennepin,89.25,Kindergarten
,,OUR LADY OF THE LAKE,,Hennepin,80.0,Kindergarten
,,SHIRLEY HILLS PRIMARY SCHOOL,,Hennepin,93.88,Kindergarten
,,BIRCH LAKE EL.,,Ramsey,86.49,Kindergarten
,,FRASSATI CATHOLIC ACADEMY,,Washington,95.0,Kindergarten
,,LAKEAIRES EL.,,Ramsey,94.23,Kindergarten
,,LINCOLN EL.,,Ramsey,89.13,Kindergarten
,,MAGNUSON CHRISTIAN SCHOOL,,Ramsey,55.56,Kindergarten
,,MATOSKA INTERNATIONAL,,Ramsey,93.68,Kindergarten
,,NORTH STAR ELEMENTARY,,Washington,89.19,Kindergarten
,,ONEKA,,Washington,88.89,Kindergarten
,,OTTER LAKE EL.,,Ramsey,96.15,Kindergarten
,,VADNAIS HEIGHTS EL.,,Ramsey,97.14,Kindergarten
,,WHITE BEAR MONTESSORI SCHOOL,,Ramsey,75.0,Kindergarten
,,WILLOW LANE EL.,,Ramsey,98.0,Kindergarten
,,COMMUNITY CHRISTIAN,,Kandiyohi,75.0,Kindergarten
,,KENNEDY EL.,,Kandiyohi,89.0,Kindergarten
,,LAKELAND ELEMENTARY SCHOOL,,Kandiyohi,85.71,Kindergarten
,,WILLOW RIVER EL.,,Pine,95.0,Kindergarten
,,WINDOM ELEMENTARY,,Cottonwood,93.75,Kindergarten
,,WIN-E-MAC SCHOOL,,Polk,75.0,Kindergarten
,,COTTER SCHOOLS (K-6),,Winona,90.91,Kindergarten
,,GOODVIEW ELEMENTARY,,Winona,86.67,Kindergarten
,,ST MATTHEWS LUTHERAN,,Winona,95.0,Kindergarten
,,WOODBURY LEADERSHIP ACADEMY,,Washington,82.86,Kindergarten
,,PRAIRIE EL.,,Nobles,96.15,Kindergarten
,,VIRTUAL INSTRUCTION BY EXCELLENCE ELEMENTARY,,Nobles,41.86,Kindergarten
,,WORTHINGTON CHRISTIAN,,Nobles,80.0,Kindergarten
,,WRENSHALL EL.,,Carlton,95.0,Kindergarten
,,BERT RANEY EL.,,Yellow Medicine,92.86,Kindergarten
,,YINGHUA ACADEMY,,Hennepin,91.96,Kindergarten
,,ZUMBROATA-MAZEPPA PRIMARY,,Goodhue,92.05,Kindergarten
,,A.C.G.C. SEC.,,Meeker,93.44,7th Grade
,,ACADEMIAS LA PAZ,,Ramsey,94.44,7th Grade
,,ACHIEVE LANGUAGE ACADEMY,,Ramsey,92.31,7th Grade
,,ADRIAN MIDDLE SHOOL,,Nobles,98.0,7th Grade
,,AFSA HIGH SCHOOL (7-12),,Ramsey,93.33,7th Grade
,,AGAMIM CLASSICAL ACADEMY,,Hennepin,86.67,7th Grade
,,AIM ACADEMY OF SCIENCE AND TECHNOLOGY,,Hennepin,37.5,7th Grade
,,AITKIN SEC.,,Aitkin,74.24,7th Grade
,,ALBANY MIDDLE SCHOOL,,Stearns,96.75,7th Grade
,,ALBERT LEA ALTERNATIVE LEARNING CENTER(ALC),,Freeborn,95.0,7th Grade
,,HOLLANDALE CHRISTIAN,,Freeborn,64.29,7th Grade
,,SOUTHWEST JR.,,Freeborn,95.65,7th Grade
,,ALDEN-CONGER SEC.,,Freeborn,97.62,7th Grade
,,DISCOVERY JR.,,Douglas,96.73,7th Grade
,,ZION LUTHERAN,,Douglas,95.0,7th Grade
,,ANNANDALE MID.,,Wright,95.51,7th Grade
,,ANOKA MIDDLE SCHOOL FOR THE ARTS - FRED MOORE CAMPUS,,Anoka,97.5,7th Grade
,,COMPASS BELL CENTER,,Anoka,72.73,7th Grade
,,COON RAPIDS MID.,,Anoka,97.18,7th Grade
,,EPIPHANY EDUC CENTER,,Anoka,88.24,7th Grade
,,JACKSON MIDDDLE SCHOOL,,Hennepin,97.77,7th Grade
,,LEGACY CHRISTIAN SCHOOL,,Anoka,84.38,7th Grade
,,NORTHDALE MIDDLE SCHOOL,,Anoka,96.33,7th Grade
,,OAK VIEW MID.,,Anoka,96.98,7th Grade
,,RIVER TRAIL LEARNING CENTER,,Anoka,95.0,7th Grade
,,ROOSEVELT MID.,,Anoka,98.0,7th Grade
,,ST STEPHEN,,Anoka,97.14,7th Grade
,,ARCADIA,,Rice,78.95,7th Grade
,,ART & SCIENCE ACADEMY MIDDLE SCHOOL,,Isanti,75.0,7th Grade
,,ASHBY SEC.,,Grant,87.5,7th Grade
,,ASPEN ACADEMY,,Scott,94.55,7th Grade
,,ATHLOS LEADERSHIP ACADEMY,,Hennepin,92.23,7th Grade
,,AURORA MIDDLE SCHOOL,,Hennepin,90.2,7th Grade
,,AUSTIN ALC,,Mower,95.0,7th Grade
,,ELLIS MID.,,Mower,98.0,7th Grade
,,PACELLI CATHOLIC SCHOOLS,,Mower,95.0,7th Grade
,,AVALON MIDDLE SCHOOL,,Ramsey,92.59,7th Grade
,,BADGER SEC.,,Roseau,95.0,7th Grade
,,BAGLEY SEC.,,Clearwater,92.86,7th Grade
,,BARNESVILLE SEC.,,Clay,97.3,7th Grade
,,BARNUM SEC.,,Carlton,94.0,7th Grade
,,BATTLE LAKE SECONDARY,,Otter Tail,95.0,7th Grade
,,BEACON ACADEMY,,Hennepin,92.31,7th Grade
,,BECKER MIDDLE SCHOOL,,Sherburne,95.22,7th Grade
,,BELGRADE-BROOTEN-ELROSA SEC.,,Stearns,97.62,7th Grade
,,BELLE PLAINE JR.,,Scott,95.24,7th Grade
,,BEMIDJI MID.,,Beltrami,96.4,7th Grade
,,ST PHILIP,,Beltrami,92.31,7th Grade
,,BENSON SEC.,,Swift,98.0,7th Grade
,,BERTHA-HEWITT PUBLIC SCHOOLS,,Todd,98.0,7th Grade
,,BEST ACADEMY,,Hennepin,93.75,7th Grade
,,WAKANDA VIRTUAL ACADEMY,,Hennepin,78.57,7th Grade
,,BIG LAKE MID.,,Sherburne,97.12,7th Grade
,,BOLD SR.,,Renville,93.85,7th Grade
,,ST MARY,,Renville,95.0,7th Grade
,,BLACKDUCK SEC.,,Beltrami,91.43,7th Grade
,,BLOOMING PRAIRIE SEC.,,Steele,92.75,7th Grade
,,BLOOMINGTON LUTHERAN,,Hennepin,82.35,7th Grade
,,NATIVITY OF MARY,,Hennepin,98.0,7th Grade
,,NEW CODE ACADEMY MIDDLE SCHOOL,,Hennepin,90.0,7th Grade
,,OAK GROVE MID.,,Hennepin,96.79,7th Grade
,,OLSON MID.,,Hennepin,95.44,7th Grade
,,UNITED CHRISTIAN ACADEMY,,Hennepin,89.66,7th Grade
,,VALLEY VIEW MID.,,Hennepin,94.12,7th Grade
,,BLUE EARTH AREA JR.,,Faribault,95.35,7th Grade
,,BLUESKY CHARTER SCHOOL,,Hennepin,97.62,7th Grade
,,BLUFFVIEW MONTESSORI,,Winona,90.0,7th Grade
,,BRAHAM AREA SEC.,,Isanti,95.71,7th Grade
,,FORESTVIEW MIDDLE SCHOOL,,Crow Wing,95.56,7th Grade
,,LAKE REGION CHRISTIAN,,Crow Wing,78.26,7th Grade
,,ST FRANCIS OF THE LAKES CATHOLIC SCHOOL,,Crow Wing,91.67,7th Grade
,,BRECKENRIDGE MIDDLE/HIGH SCHOOL,,Wilkin,98.0,7th Grade
,,ST MARY,,Wilkin,95.0,7th Grade
,,BROOKLYN CENTER MIDDLE SCHOOL,,Hennepin,95.73,7th Grade
,,INSIGHT SCHOOL OF MINNESOTA,,Hennepin,75.0,7th Grade
,,BROWERVILLE SEC.,,Todd,90.48,7th Grade
,,BROWNS VALLEY PUBLIC SCHOOL,,Traverse,95.0,7th Grade
,,BUFFALO COMMUNITY MID.,,Wright,96.43,7th Grade
,,ST FRANCIS XAVIER,,Wright,84.62,7th Grade
,,BUFFALO LAKE-HECTOR SEC.,,Renville,90.0,7th Grade
,,BULTUM ACADEMY,,Anoka,75.0,7th Grade
,,EAGLE RIDGE JR.,,Scott,98.0,7th Grade
,,NICOLLET JR.,,Dakota,95.31,7th Grade
,,ST JOHN THE BAPTIST-SAVAGE,,Scott,95.0,7th Grade
,,BUTTERFIELD SEC.,,Watonwan,93.33,7th Grade
,,BYRON MID.,,Olmsted,98.0,7th Grade
,,CALEDONIA MIDDLE,,Houston,93.75,7th Grade
,,ST MARYS ELEMENTARY,,Houston,95.0,7th Grade
,,CAMBRIDGE CHRISTIAN SCHOOL,,Isanti,80.0,7th Grade
,,CAMBRIDGE MIDDLE SCHOOL,,Isanti,95.71,7th Grade
,,ISANTI MIDDLE SCHOOL,,Isanti,95.65,7th Grade
,,CAMPBELL-TINTAH SEC.,,Wilkin,81.82,7th Grade
,,CANBY SEC.,,Yellow Medicine,97.78,7th Grade
,,CANNON FALLS SEC.,,Goodhue,97.06,7th Grade
,,CASS LAKE-BENA SEC.,,Cass,98.0,7th Grade
,,CEDAR MOUNTAIN SEC.,,Redwood,95.0,7th Grade
,,AS-SUFFAH ACADEMY,,Anoka,69.57,7th Grade
,,CENTENNIAL MID.,,Anoka,95.78,7th Grade
,,BREAKAWAY ACADEMY PRIMARY,,Carver,97.75,7th Grade
,,CHAPEL HILL ACADEMY,,Carver,87.18,7th Grade
,,CHASKA MIDDLE SCHOOL EAST,,Carver,96.02,7th Grade
,,CHASKA MIDDLE SCHOOL WEST,,Carver,98.0,7th Grade
,,PIONEER RIDGE MIDDLE SCHOOL,,Carver,97.37,7th Grade
,,ST HUBERT CATHOLIC SCHOOL,,Carver,93.33,7th Grade
,,ST JOHNS LUTHERAN-CHASKA,,Carver,90.0,7th Grade
,,MIDDLE SCHOOL AND HIGH SCHOOL,,Olmsted,98.0,7th Grade
,,CHISAGO LAKES MID.,,Chisago,96.2,7th Grade
,,CHISHOLM SEC.,,St. Louis,98.0,7th Grade
,,CHOKIO-ALBERTA PUBLIC SCHOOLS,,Stevens,95.0,7th Grade
,,CLEARBROOK-GONVICK SCHOOL,,Clearwater,87.5,7th Grade
,,CLEVELAND PUBLIC SCHOOL,,Le Sueur,90.38,7th Grade
,,CLIMAX SECONDARY,,Polk,95.0,7th Grade
,,CLINTON-GRACEVILLE-BEARDSLEY SR.,,Big Stone,95.0,7th Grade
,,CLOQUET MID.,,Carlton,96.84,7th Grade
,,QUEEN OF PEACE,,Carlton,95.0,7th Grade
,,COLOGNE ACADEMY,,Carver,91.14,7th Grade
,,COLUMBIA ACADEMY,,Anoka,97.83,7th Grade
,,IMMACULATE CONCEPTION,,Anoka,95.0,7th Grade
,,COMMUNITY OF PEACE ACADEMY MIDDLE SCHOOL,,Ramsey,95.89,7th Grade
,,COMMUNITY SCHOOL OF EXCELLENCE - MIDDLE,,Ramsey,97.9,7th Grade
,,COOK COUNTY MIDDLE SCHOOL,,Cook,93.1,7th Grade
,,CROMWELL-WRIGHT SEC.,,Carlton,95.0,7th Grade
,,CROOKSTON HIGH SCHOOL,,Polk,98.0,7th Grade
,,CROSBY-IRONTON SEC.,,Crow Wing,94.87,7th Grade
,,CROSSLAKE COMMUNITY CHARTER SCHOOL,,Crow Wing,76.19,7th Grade
,,DASSEL-COKATO MID.,,Wright,87.68,7th Grade
,,DAVINCI ACADEMY,,Anoka,92.73,7th Grade
,,DAWSON-BOYD SECONDARY,,Lac Qui Parle,94.74,7th Grade
,,DEER RIVER SEC.,,Itasca,94.34,7th Grade
,,DELANO SR.,,Wright,95.63,7th Grade
,,DETROIT LAKES MID.,,Becker,96.17,7th Grade
,,HOLY ROSARY,,Becker,91.67,7th Grade
,,DILWORTH-GLYNDON-FELTON JR.,,Clay,95.04,7th Grade
,,DISCOVERY CHARTER SCHOOL,,Dakota,86.67,7th Grade
,,DOVER-EYOTA SEC.,,Olmsted,98.0,7th Grade
,,LINCOLN PARK MIDDLE,,St. Louis,95.92,7th Grade
,,MANY RIVERS MONTESSORI,,St. Louis,90.91,7th Grade
,,ORDEAN-EAST,,St. Louis,96.36,7th Grade
,,STELLA MARIS HIGH SCHOOL,,St. Louis,96.08,7th Grade
,,NORTH STAR,,St. Louis,98.0,7th Grade
,,EAGLE RIDGE ACADEMY CHARTER SCHOOL,,Hennepin,90.48,7th Grade
,,EAST CENTRAL SR.,,Pine,92.16,7th Grade
,,CENTRAL MID.,,Polk,98.0,7th Grade
,,RIVERSIDE CHRISTIAN SCHOOL,,Polk,94.12,7th Grade
,,SACRED HEART SCHOOL,,Polk,95.83,7th Grade
,,CENTRAL MID.,,Hennepin,92.76,7th Grade
,,EDEN VALLEY SEC.,,Meeker,96.67,7th Grade
,,EDGERTON PUBLIC ELEMENTARY,,Pipestone,95.0,7th Grade
,,SOUTHWEST CHRISTIAN ELEMENTARY,,Pipestone,95.0,7th Grade
,,AVAIL ACADEMY,,Hennepin,85.0,7th Grade
,,OUR LADY OF GRACE,,Hennepin,97.37,7th Grade
,,SOUTH VIEW MIDDLE SCHOOL,,Hennepin,96.12,7th Grade
,,PRAIRIE VIEW MIDDLE SCHOOL,,Wright,97.64,7th Grade
,,ROGERS MIDDLE SCHOOL,,Hennepin,95.64,7th Grade
,,SALK MIDDLE SCHOOL,,Sherburne,97.98,7th Grade
,,VANDENBERGE MIDDLE SCHOOL,,Sherburne,95.26,7th Grade
,,ZIMMERMAN SEC.,,Sherburne,97.08,7th Grade
,,MEMORIAL SEC.,,St. Louis,91.18,7th Grade
,,ESCUELA EXITOS CHARTER SCHOOL,,Hennepin,75.0,7th Grade
,,LINCOLN SEC.,,Carlton,95.76,7th Grade
,,EXCELL ACADEMY CHARTER,,Hennepin,94.12,7th Grade
,,FAIRMONT SEC.,,Martin,96.38,7th Grade
,,BETHLEHEM ACADEMY,,Rice,97.37,7th Grade
,,FARIBAULT LUTHERAN,,Rice,72.73,7th Grade
,,FARIBAULT MIDDLE SCHOOL,,Rice,94.2,7th Grade
,,SHATTUCK-ST MARYS,,Rice,92.31,7th Grade
,,BOECKMAN MIDDLE SCHOOL,,Dakota,95.62,7th Grade
,,DODGE MIDDLE SCHOOL,,Dakota,96.41,7th Grade
,,FERGUS FALLS MID.,,Otter Tail,97.94,7th Grade
,,HILLCREST LUTHERAN ACADEMY,,Otter Tail,83.33,7th Grade
,,IQ ACADEMY,,Otter Tail,85.42,7th Grade
,,FERTILE-BELTRAMI SEC.,,Polk,97.44,7th Grade
,,FILLMORE CENTRAL SR.,,Fillmore,97.92,7th Grade
,,FISHER PUBLIC SCHOOL,,Polk,95.0,7th Grade
,,FIT ACADEMY,,Dakota,71.43,7th Grade
,,FLOODWOOD SECONDARY,,St. Louis,90.0,7th Grade
,,FOLEY INTERMEDIATE EL.,,Benton,94.01,7th Grade
,,FOND DU LAC OJIBWE,,Carlton,95.0,7th Grade
,,FOREST LAKE AREA MIDDLE SCHOOL,,Washington,96.37,7th Grade
,,ST PETER,,Washington,69.23,7th Grade
,,FOSSTON SEC.,,Polk,95.12,7th Grade
,,FRAZEE SEC.,,Becker,95.08,7th Grade
,,AL-AMAL SCHOOL,,Anoka,80.0,7th Grade
,,FRIDLEY MIDDLE SCHOOL,,Anoka,87.96,7th Grade
,,WOODCREST BAPTIST ACADEMY,,Anoka,50.0,7th Grade
,,FRIENDSHIP ACDMY OF FINE ARTS CHTR,,Hennepin,76.19,7th Grade
,,FULDA SEC.,,Murray,95.0,7th Grade
,,G.F.W. SR.,,Sibley,91.89,7th Grade
,,GATEWAY STEM ACADEMY CHARTER SCHOOL,,Dakota,73.91,7th Grade
,,GENTRY ACADEMY MIDDLE CHARTER SCHOOL,,Ramsey,86.27,7th Grade
,,MIDDLE SCHOOL JR.,,Mcleod,98.0,7th Grade
,,GLENVILLE-EMMONS SEC.,,Freeborn,94.12,7th Grade
,,GLOBAL ACADEMY,,Ramsey,91.67,7th Grade
,,GOODHUE PUBLIC SCHOOL,,Goodhue,90.48,7th Grade
,,5RIVERSONLINE SECONDARY,,Goodhue,76.92,7th Grade
,,GOODRIDGE SEC.,,Pennington,95.0,7th Grade
,,GRANADA-HUNTLEY EAST CHAIN,,Martin,95.0,7th Grade
,,GRAND MEADOW MIDDLE,,Mower,90.0,7th Grade
,,BIGFORK SEC.,,Itasca,87.5,7th Grade
,,LIGHTHOUSE CHRISTIAN ACADEMY,,Itasca,72.22,7th Grade
,,ROBERT J ELKINTON MIDDLE SCHOOL,,Itasca,94.79,7th Grade
,,GREAT EXPECTATIONS,,Cook,92.86,7th Grade
,,GREAT OAKS ACADEMY SCHOOL OF LOGIC,,Dakota,78.57,7th Grade
,,GREAT RIVER SCHOOL,,Ramsey,88.0,7th Grade
,,GREENBUSH-MIDDLE RIVER SR.,,Roseau,95.0,7th Grade
,,CONNOR-JASPER MID.,,Itasca,93.65,7th Grade
,,GRYGLA SEC.,,Marshall,92.31,7th Grade
,,HOPE COMMUNITY ACADEMY MIDDLE,,Ramsey,98.0,7th Grade
,,HANCOCK SEC.,,Stevens,96.88,7th Grade
,,HARBOR CITY INTERNATIONAL CHARTER SCHOOL,,St. Louis,75.0,7th Grade
,,HASTINGS MID.,,Dakota,97.99,7th Grade
,,PINE HARBOR CHRISTIAN ACADEMY,,Dakota,84.62,7th Grade
,,ST ELIZABETH ANN SETON,,Dakota,92.31,7th Grade
,,HAWLEY SEC.,,Clay,96.39,7th Grade
,,HAYFIELD SEC.,,Dodge,97.14,7th Grade
,,HENDRICKS PUBLIC SCHOOL,,Lincoln,95.0,7th Grade
,,HENNEPIN MIDDLE SCHOOL,,Hennepin,57.89,7th Grade
,,HENNING SCHOOL,,Otter Tail,93.75,7th Grade
,,HERMANTOWN MID.,,St. Louis,94.22,7th Grade
,,HERON LAKE-OKABENA HS,,Jackson,95.0,7th Grade
,,HIAWATHA COLLEGE PREP NORTHROP,,Hennepin,79.23,7th Grade
,,LINCOLN ELEMENTARY,,St. Louis,97.08,7th Grade
,,HIGHER GROUND ACADEMY - JUNIOR HIGH,,Ramsey,74.07,7th Grade
,,HILL CITY MIDDLE SCHOOL,,Aitkin,88.89,7th Grade
,,HILLS-BEAVER CREEK SEC.,,Rock,95.0,7th Grade
,,HINCKLEY-FINLAYSON SEC.,,Pine,94.23,7th Grade
,,HMONG COLLEGE PREP ACADEMY MIDDLE,,Ramsey,98.0,7th Grade
,,HOLDINGFORD SEC.,,Stearns,93.18,7th Grade
,,AGAPE CHRISTI ACADEMY,,Hennepin,70.0,7th Grade
,,BLAKE MIDDLE SCHOOL,,Hennepin,98.0,7th Grade
,,BRECK,,Hennepin,98.0,7th Grade
,,HOPKINS NORTH JR.,,Hennepin,95.24,7th Grade
,,HOPKINS WEST JR.,,Hennepin,93.26,7th Grade
,,NOTRE DAME ACADEMY,,Hennepin,97.14,7th Grade
,,VIRTUALEDU,,Hennepin,95.0,7th Grade
,,HORIZON SCIENCE ACADEMY TWIN CITIES,,Hennepin,71.43,7th Grade
,,HOUSTON SEC.,,Houston,98.0,7th Grade
,,MINNESOTA VIRTUAL ACADEMY,,Houston,82.76,7th Grade
,,HOWARD LAKE WAVERLY WINSTED MIDDLE,,Wright,95.92,7th Grade
,,HUTCHINSON MID.,,Mcleod,95.33,7th Grade
,,NORTH EDUCATION CENTER - TIER 2,,Hennepin,95.0,7th Grade
,,NORTH EDUCATION CENTER - TIER 3,,Hennepin,95.0,7th Grade
,,FALLS SEC.,,Koochiching,95.77,7th Grade
,,INVER GROVE HEIGHTS MID.,,Dakota,98.0,7th Grade
,,ISLE SEC.,,Mille Lacs,95.0,7th Grade
,,IMMANUEL LUTHERAN,,Jackson,95.0,7th Grade
,,JACKSON COUNTY CENTRAL MIDDLE,,Jackson,95.24,7th Grade
,,JANESVILLE-WALDORF-PEMBERTON SR.,,Waseca,98.0,7th Grade
,,TRINITY LUTHERAN,,Waseca,90.0,7th Grade
,,JORDAN MIDDLE SCHOOL,,Scott,94.78,7th Grade
,,KALEIDOSCOPE CHARTER SCHOOL,,Wright,91.67,7th Grade
,,KASSON-MANTORVILLE MID.,,Dodge,97.58,7th Grade
,,KELLIHER SEC.,,Beltrami,92.0,7th Grade
,,KENYON-WANAMINGO MID.,,Goodhue,94.23,7th Grade
,,KERKHOVEN SEC.,,Swift,92.59,7th Grade
,,KIMBALL SEC.,,Stearns,90.32,7th Grade
,,KINGSLAND SR.,,Fillmore,93.1,7th Grade
,,KIPP NORTH STAR ACADEMY,,Hennepin,95.0,7th Grade
,,KITTSON CENTRAL SECONDARY,,Kittson,95.0,7th Grade
,,LAC QUI PARLE VALLEY SEC.,,Lac Qui Parle,96.36,7th Grade
,,LACRESCENT HOKAH MIDDLE SCHOOL,,Houston,97.4,7th Grade
,,LINCOLN SEC.,,Wabasha,98.0,7th Grade
,,LK CRYSTAL-WELLCOME MEMORIAL SEC.,,Blue Earth,95.0,7th Grade
,,LAKE OF THE WOODS SEC.,,Lake Of The Woods,98.0,7th Grade
,,LAKE PARK AUDUBON HIGH SCHOOL,,Becker,96.15,7th Grade
,,TWO HARBORS SEC.,,Lake,90.36,7th Grade
,,WILLIAM KELLEY,,Lake,95.0,7th Grade
,,LAKES INTERNATIONAL LANGUAGE ACADEMY-HEADWATERS,,Washington,89.32,7th Grade
,,LAKEVIEW PUBLIC SCHOOLS,,Lyon,97.73,7th Grade
,,ALL SAINTS CATHOLIC SCHOOL,,Dakota,95.74,7th Grade
,,CENTURY JUNIOR HIGH SCHOOL,,Dakota,95.59,7th Grade
,,CHRISTIAN HERITAGE ACADEMY,,Dakota,77.78,7th Grade
,,KENWOOD TRAIL MIDDLE SCHOOL,,Dakota,94.43,7th Grade
,,MCGUIRE MIDDLE SCHOOL,,Dakota,96.86,7th Grade
,,LANCASTER SECONDARY,,Kittson,93.75,7th Grade
,,LAPORTE MIDDLE SCHOOL,,Hubbard,92.59,7th Grade
,,LAURA JEFFREY ACADEMY,,Ramsey,83.33,7th Grade
,,LEROY - OSTRANDER PUBLIC SCHOOLS,,Mower,95.0,7th Grade
,,LESTER PRAIRIE HIGH SCHOOL,,Mcleod,95.35,7th Grade
,,LESUEUR-HENDERSON SEC.,,Le Sueur,94.81,7th Grade
,,LEWISTON-ALTURA HIGH SCHOOL,,Winona,91.67,7th Grade
,,LIONSGATE ACADEMY,,Hennepin,95.0,7th Grade
,,LIONSGATE ACADEMY SHOREVIEW,,Ramsey,98.0,7th Grade
,,LITCHFIELD MIDDLE SCHOOL,,Meeker,94.78,7th Grade
,,COMMUNITY MIDDLE,,Morrison,98.0,7th Grade
,,MARY OF LOURDES MIDDLE SCHOOL,,Morrison,89.47,7th Grade
,,LITTLEFORK-BIG FALLS SEC.,,Koochiching,90.91,7th Grade
,,LONG PRAIRIE-GREY SR.,,Todd,93.55,7th Grade
,,LUVERNE MID.,,Rock,95.29,7th Grade
,,LYLE MIDDLE SCHOOL,,Mower,92.59,7th Grade
,,LYND MIDDLE SCHOOL,,Lyon,95.0,7th Grade
,,M.A.C.C.R.A.Y. SECONDARY,,Chippewa,93.85,7th Grade
,,MABEL-CANTON,,Fillmore,91.3,7th Grade
,,MADELIA SEC.,,Watonwan,92.59,7th Grade
,,MAHNOMEN SEC.,,Mahnomen,96.36,7th Grade
,,MAHTOMEDI MID.,,Washington,96.15,7th Grade
,,ST JUDE OF THE LAKE,,Washington,95.0,7th Grade
,,DAKOTA MEADOWS JR.,,Blue Earth,97.0,7th Grade
,,IMMANUEL LUTHERAN,,Blue Earth,92.31,7th Grade
,,LOYOLA CATHOLIC SCHOOL,,Blue Earth,97.14,7th Grade
,,MOUNT OLIVE LUTHERAN,,Blue Earth,88.24,7th Grade
,,PRAIRE WINDS MIDDLE SCHOOL,,Blue Earth,98.0,7th Grade
,,RISEN SAVIOR LUTHERAN SCHOOL,,Blue Earth,95.0,7th Grade
,,MAPLE LAKE SEC.,,Wright,95.38,7th Grade
,,ST TIMOTHY,,Wright,70.0,7th Grade
,,MAPLE RIVER SR.,,Blue Earth,89.33,7th Grade
,,HOLY REDEEMER,,Lyon,98.0,7th Grade
,,MARSHALL MIDDLE SCHOOL,,Lyon,96.3,7th Grade
,,HIGHSCHOOL,,Marshall,98.0,7th Grade
,,MARTIN CTY. W. JR.,,Martin,84.91,7th Grade
,,MATH & SCIENCE ACADEMY,,Washington,97.98,7th Grade
,,MCGREGOR SEC.,,Aitkin,90.91,7th Grade
,,MEDFORD SEC.,,Steele,98.0,7th Grade
,,MELROSE EL.,,Stearns,94.68,7th Grade
,,MELROSE MIDDLE,,Stearns,94.68,7th Grade
,,MENAHGA HIGH SCHOOL,,Wadena,76.71,7th Grade
,,MESABI EAST SEC.,,St. Louis,88.71,7th Grade
,,METRO DEAF SCHOOL,,Ramsey,64.29,7th Grade
,,METRO COLLEGE PREP,,Hennepin,74.1,7th Grade
,,MIDWAY STAR ACADEMY,,Ramsey,68.18,7th Grade
,,FAITH CHRISTIAN,,Mille Lacs,50.0,7th Grade
,,MILACA SEC.,,Mille Lacs,94.03,7th Grade
,,ANDERSEN UNITED COMMUNITY SCHOOL,,Hennepin,88.34,7th Grade
,,ANNUNCIATION,,Hennepin,95.24,7th Grade
,,ANTHONY MID.,,Hennepin,95.56,7th Grade
,,ANWATIN MID.,,Hennepin,77.48,7th Grade
,,ASCENSION,,Hennepin,85.71,7th Grade
,,CARONDELET CATHOLIC,,Hennepin,98.0,7th Grade
,,CITY OF LAKES WALDORF,,Hennepin,90.0,7th Grade
,,ELLA BAKER EL.,,Hennepin,85.94,7th Grade
,,FRANKLIN MIDDLE SCHOOL,,Hennepin,92.47,7th Grade
,,HOPE ACADEMY,,Hennepin,89.36,7th Grade
,,JUSTICE PAGE MIDDLE SCHOOL,,Hennepin,95.57,7th Grade
,,LAKE COUNTRY,,Hennepin,92.86,7th Grade
,,MINNEHAHA ACADEMY LOWER,,Hennepin,97.1,7th Grade
,,MPS ONLINE 6-12,,Hennepin,84.85,7th Grade
,,NORTHEAST MID.,,Hennepin,87.43,7th Grade
,,OUR LADY OF PEACE,,Hennepin,95.0,7th Grade
,,POPE JOHN PAUL II,,Hennepin,85.71,7th Grade
,,RISEN CHRIST,,Hennepin,85.37,7th Grade
,,SANFORD MID.,,Hennepin,96.6,7th Grade
,,ST. HELENA,,Hennepin,95.0,7th Grade
,,SULLIVAN,,Hennepin,88.16,7th Grade
,,TRINITY FIRST LUTHERAN,,Hennepin,91.67,7th Grade
,,MINNEOTA PUBLIC SCHOOLS,,Lyon,95.83,7th Grade
,,MINNESOTA NEW COUNTRY SCHOOL,,Sibley,93.33,7th Grade
,,BANAADIR SECONDARY ACADEMY,,Hennepin,95.0,7th Grade
,,MINNESOTA CONNECTIONS ACADEMY,,Ramsey,61.59,7th Grade
,,MINNESOTA VIRTUAL HIGH SCHOOL 6-12,,Hennepin,88.89,7th Grade
,,MTS SECONDARY,,Hennepin,85.71,7th Grade
,,MINNETONKA EAST MID.,,Hennepin,97.98,7th Grade
,,MINNETONKA WEST MID.,,Hennepin,96.84,7th Grade
,,ST THERESE,,Hennepin,83.33,7th Grade
,,MINNEWASKA HS 7-12,,Pope,97.44,7th Grade
,,MINNESOTA MATH AND SCIENCE ACADEMY,,Ramsey,69.64,7th Grade
,,MODERN MONTESSORI CHARTER SCHOOL,,Hennepin,60.0,7th Grade
,,MONTEVIDEO MID.,,Chippewa,96.34,7th Grade
,,MONTICELLO MIDDLE SCHOOL,,Wright,96.54,7th Grade
,,HORIZON MIDDLE SCHOOL - EAST,,Clay,98.0,7th Grade
,,PARK CHRISTIAN,,Clay,90.0,7th Grade
,,MOOSE LAKE HIGH SCHOOL,,Carlton,96.97,7th Grade
,,MORA HIGH SCHOOL,,Kanabec,98.0,7th Grade
,,MORRIS AREA SECONDARY,,Stevens,98.0,7th Grade
,,CHIPPEWA MID.,,Ramsey,97.84,7th Grade
,,EDGEWOOD MID.,,Ramsey,96.33,7th Grade
,,HIGHVIEW MID.,,Ramsey,96.14,7th Grade
,,ST JOHN THE BAPTIST,,Ramsey,97.73,7th Grade
,,ST ODILIA,,Ramsey,98.0,7th Grade
,,MOUNTAIN IRON - BUHL HIGH SCHOOL,,St. Louis,97.83,7th Grade
,,MOUNTAIN LAKE SEC.,,Cottonwood,95.45,7th Grade
,,MURRAY COUNTY CENTRAL SEC.,,Murray,98.0,7th Grade
,,BELLAIRE EDUCATION PROGRAM,,Ramsey,95.0,7th Grade
,,KARNER BLUE ELEMENTARY,,Anoka,95.0,7th Grade
,,PANKALO EDUCATION CENTER,,Washington,95.0,7th Grade
,,NRHEG SECONDARY,,Waseca,98.0,7th Grade
,,NASHWAUK SEC.,,Itasca,98.0,7th Grade
,,NEVIS HIGH SCHOOL,,Hubbard,95.56,7th Grade
,,COMPASS ACADEMY,,Hennepin,84.0,7th Grade
,,NEW CENTURY SCHOOL,,Ramsey,84.78,7th Grade
,,NEW CITY SCHOOL,,Hennepin,86.96,7th Grade
,,NEW DISCOVERIES MONTESSORI ELEMENTARY,,Mcleod,92.86,7th Grade
,,NEW HEIGHTS SCHOOL INC.,,Washington,71.43,7th Grade
,,NEW LONDON-SPICER MID.,,Kandiyohi,98.0,7th Grade
,,NEW MILLENNIUM ACADEMY CHARTER SCH,,Hennepin,96.55,7th Grade
,,NEW PRAGUE MID.,,Scott,96.52,7th Grade
,,NEW ULM AREA CATHOLIC SCHOOL,,Brown,87.5,7th Grade
,,NEW ULM MIDDLE SCHOOL,,Brown,98.0,7th Grade
,,ST PAULS LUTHERAN,,Brown,96.77,7th Grade
,,NEW YORK MILLS PUBLIC SCHOOLS,,Otter Tail,98.0,7th Grade
,,NICOLLET SEC.,,Nicollet,95.0,7th Grade
,,NOBLE ACADEMY MIDDLE,,Hennepin,98.0,7th Grade
,,NORMAN COUNTY EAST SEC.,,Norman,95.0,7th Grade
,,NORTH BRANCH MID.,,Chisago,97.07,7th Grade
,,NORTH LAKES ACADEMY - UPPER SCHOOL,,Washington,87.88,7th Grade
,,NORTH METERO FLEX ACADEMY,,Ramsey,95.0,7th Grade
,,JOHN GLENN MIDDLE SCHOOL,,Ramsey,96.88,7th Grade
,,MOUNDS PARK ACADEMY,,Ramsey,96.08,7th Grade
,,SKYVIEW COMMUNITY MID.,,Washington,97.24,7th Grade
,,ST PETER,,Ramsey,95.0,7th Grade
,,NORTHEAST COLLEGE PREP,,Hennepin,77.78,7th Grade
,,NORTHFIELD MID.,,Rice,93.49,7th Grade
,,NORTHLAND SEC.,,Cass,90.0,7th Grade
,,CENTRAL MID.,,Carver,90.79,7th Grade
,,EMANUEL LUTHERAN,,Carver,95.0,7th Grade
,,NOVA CLASSICAL ACADEMY - UPPER SCHOOL,,Ramsey,92.5,7th Grade
,,OAK HILL MONTESSORI COMMUNITY SCHOOL,,Ramsey,80.0,7th Grade
,,OGILVIE PUBLIC SCHOOLS,,Kanabec,85.71,7th Grade
,,ONAMIA HIGH SCHOOL,,Mille Lacs,95.0,7th Grade
,,ORONO MID.,,Hennepin,89.71,7th Grade
,,ORTONVILLE SEC.,,Big Stone,95.74,7th Grade
,,OSAKIS SEC.,,Douglas,90.28,7th Grade
,,279ONLINE LEARNING PROGRAM 6-8,,Hennepin,98.0,7th Grade
,,AVA MARIA ACADEMY,,Hennepin,94.44,7th Grade
,,BROOKLYN MIDDLE,,Hennepin,98.0,7th Grade
,,HERITAGE CHRISTIAN ACADEMY,,Hennepin,90.57,7th Grade
,,MAPLE GROVE MIDDLE SCHOOL,,Hennepin,96.6,7th Grade
,,MARANATHA CHRISTIAN ACADEMY-BROOKLY,,Hennepin,95.35,7th Grade
,,NORTH VIEW MIDDLE SCHOOL,,Hennepin,97.5,7th Grade
,,OSSEO MIDDLE SCHOOL,,Hennepin,96.75,7th Grade
,,ST JOHNS LUTHERAN,,Hennepin,95.0,7th Grade
,,ST VINCENT DE PAUL,,Hennepin,98.0,7th Grade
,,OWATONNA MIDDLE,,Steele,96.89,7th Grade
,,ST MARYS,,Steele,95.0,7th Grade
,,PACT CHARTER SCHOOL SECONDARY,,Anoka,83.47,7th Grade
,,PARK RAPIDS SR.,,Hubbard,90.18,7th Grade
,,PARKERS PRAIRIE HIGH SCHOOL,,Otter Tail,92.86,7th Grade
,,PARNASSUS PREPARATORY SCHOOL,,Hennepin,95.8,7th Grade
,,"PARTNERSHIP ACADEMY, INC",,Hennepin,92.98,7th Grade
,,PAYNESVILLE SECONDARY,,Stearns,93.51,7th Grade
,,PELICAN RAPIDS SEC.,,Otter Tail,92.19,7th Grade
,,PLAINVIEW-ELGIN-MILLVILLE JUNIOR,,Wabasha,96.52,7th Grade
,,PEQUOT LAKES MIDDLE LEVEL,,Crow Wing,88.61,7th Grade
,,PRAIRIE WIND MID.,,Otter Tail,93.33,7th Grade
,,HEALY SEC.,,Morrison,92.63,7th Grade
,,PILLAGER PUBIC SCHOOLS,,Cass,95.24,7th Grade
,,PINE CITY SEC.,,Pine,91.47,7th Grade
,,PINE ISLAND SEC.,,Goodhue,96.12,7th Grade
,,PINE RIVER-BACKUS HIGH SCHOOL 7-12,,Cass,88.24,7th Grade
,,PIPESTONE MID.,,Pipestone,92.41,7th Grade
,,PRAIRIE SEEDS ACADEMY,,Hennepin,96.43,7th Grade
,,PRINCETON MIDDLE 6-8,,Mille Lacs,93.24,7th Grade
,,PRINCETON ONLINE MN K-8,,Mille Lacs,55.56,7th Grade
,,CENTRAL MINNESOTA CHRISTIAN,,Kandiyohi,84.85,7th Grade
,,BAITUL HIKMAH,,Scott,58.82,7th Grade
,,HIDDEN OAKES MIDDLE SCHOOL,,Scott,95.56,7th Grade
,,ST MICHAELS CATHOLIC,,Scott,95.56,7th Grade
,,TWIN OAKS MIDDLE SCHOOL,,Scott,94.66,7th Grade
,,A.I. JEDLICKA MIDDLE SCHOOL,,St. Louis,98.0,7th Grade
,,PRODEO ACADEMY - COLUMBIA HEIGHTS,,Anoka,88.46,7th Grade
,,PRODEO ACADEMY ST PAUL,,Ramsey,87.23,7th Grade
,,QUANTUM STEAM ACADEMY CHARTER SCHOOL,,Ramsey,62.5,7th Grade
,,RANDOLPH SEC.,,Dakota,83.78,7th Grade
,,PONEMAH EL.,,Beltrami,95.0,7th Grade
,,RED LAKE MIDDLE SCHOOL,,Beltrami,93.26,7th Grade
,,RED LAKE COUNTY CENTRAL HIGH,,Red Lake,98.0,7th Grade
,,LAFAYETTE SEC.,,Red Lake,98.0,7th Grade
,,RED ROCK CENTRAL,,Redwood,94.12,7th Grade
,,TWIN BLUFF MID.,,Goodhue,98.0,7th Grade
,,REDWOOD AREA MIDDLE SCHOOL,,Redwood,97.75,7th Grade
,,ST JOHN LUTHERAN,,Redwood,92.31,7th Grade
,,RENVILLE COUNTY WEST PUBLIC SCHOOL #2890,,Renville,98.0,7th Grade
,,BLESSED TRINITY-NICOLLET CAMPUS,,Hennepin,95.0,7th Grade
,,RICHFIELD MIDDLE,,Hennepin,95.73,7th Grade
,,PLYMOUTH MID.,,Hennepin,93.9,7th Grade
,,ROBBINSDALE MIDDLE SCHOOL,,Hennepin,98.0,7th Grade
,,SANDBURG MIDDLE SCHOOL,,Hennepin,93.46,7th Grade
,,THE FAIR SCHOOL,,Hennepin,95.54,7th Grade
,,DAKOTA MIDDLE,,Olmsted,98.0,7th Grade
,,JOHN ADAMS MID.,,Olmsted,96.82,7th Grade
,,KELLOGG MID.,,Olmsted,97.92,7th Grade
,,LINCOLN AT MANN EL.,,Olmsted,97.96,7th Grade
,,MIDDLE SCHOOL ALC,,Olmsted,95.0,7th Grade
,,MNSYNC ONLINE ELEMENTARY,,Olmsted,92.0,7th Grade
,,ROCHESTER CENTRAL LUTHERAN,,Olmsted,97.62,7th Grade
,,SCHAEFFER ACADEMY,,Olmsted,88.89,7th Grade
,,ST FRANCIS,,Olmsted,98.0,7th Grade
,,ST JOHN,,Olmsted,98.0,7th Grade
,,WILLOW CREEK MID.,,Olmsted,97.41,7th Grade
,,ROCHESTER MATH AND SCIENCE ACADEMY,,Olmsted,81.25,7th Grade
,,MARQUETTE,,St. Louis,85.0,7th Grade
,,ROCK RIDGE SECONDARY,,St. Louis,95.32,7th Grade
,,ROCKFORD MID.,,Wright,89.74,7th Grade
,,ROCORI MID.,,Stearns,88.61,7th Grade
,,ROSEAU SEC.,,Roseau,97.78,7th Grade
,,BLACK HAWK MID.,,Dakota,96.95,7th Grade
,,DAKOTA HILLS MID.,,Dakota,97.07,7th Grade
,,FAITHFUL SHEPHERD CATHOLIC,,Dakota,95.0,7th Grade
,,FALCON RIDGE MID.,,Dakota,96.62,7th Grade
,,FIRST BAPTIST,,Dakota,82.61,7th Grade
,,GOOD SHEPHERD LUTHERAN,,Dakota,81.82,7th Grade
,,ROSEMOUNT MID.,,Dakota,97.12,7th Grade
,,SCOTT HIGHLANDS MID.,,Dakota,95.99,7th Grade
,,ST JOSEPHS CATHOLIC,,Dakota,95.0,7th Grade
,,TRINITY SCHOOL AT RIVER RIDGE,,Dakota,80.95,7th Grade
,,VALLEY MID.,,Dakota,96.06,7th Grade
,,HAND IN HAND CHRISTIAN MONTESSORI,,Ramsey,66.67,7th Grade
,,KING OF KINGS LUTHERAN,,Ramsey,90.91,7th Grade
,,MINNESOTA WALDORF,,Ramsey,73.33,7th Grade
,,NORTH HEIGHTS CHRISTIAN ACADEMY,,Ramsey,93.55,7th Grade
,,PARKVIEW CENTER EL.,,Ramsey,97.78,7th Grade
,,ROSEVILLE AREA MID.,,Ramsey,97.12,7th Grade
,,ST JEROME,,Ramsey,95.0,7th Grade
,,ST JOHN SCHOOL OF LITTLE CANADA,,Ramsey,95.0,7th Grade
,,ST ROSE OF LIMA,,Ramsey,89.47,7th Grade
,,ROTHSAY PUBLIC SCHOOLS,,Wilkin,83.33,7th Grade
,,ROUND LAKE-BREWSTER PUBLIC SCHOOLS,,Nobles,93.1,7th Grade
,,ROYALTON SEC.,,Morrison,96.88,7th Grade
,,RTR PUBLIC SCHOOL,,Lincoln,95.92,7th Grade
,,RUSHFORD-PETERSON MID.,,Fillmore,97.73,7th Grade
,,SARTELL MIDDLE SCHOOL,,Stearns,95.75,7th Grade
,,SAUK CENTRE JR.,,Stearns,96.7,7th Grade
,,SAUK RAPIDS - RICE MIDDLE SCHOOL,,Benton,97.2,7th Grade
,,SCHOOLCRAFT LEARNING COMMUNITY,,Beltrami,98.0,7th Grade
,,SCITECH ACADEMY CHARTER SCHOOL,,Hennepin,75.0,7th Grade
,,SEBEKA SEC.,,Wadena,95.0,7th Grade
,,SEJONG ACADEMY HIGH SCHOOL,,Ramsey,88.89,7th Grade
,,SEVEN HILLS PREP ACADEMY - UPPER,,Hennepin,94.78,7th Grade
,,SHAKOPEE AREA CATHOLIC,,Scott,94.64,7th Grade
,,SHAKOPEE EAST MIDDLE SCHOOL,,Scott,89.38,7th Grade
,,SHAKOPEE WEST MIDDLE SCHOOL,,Scott,90.0,7th Grade
,,SIBLEY EAST JR HIGH,,Sibley,98.0,7th Grade
,,SLEEPY EYE SEC.,,Brown,96.67,7th Grade
,,ST MARYS CATHOLIC,,Brown,95.0,7th Grade
,,SOJOURNER TRUTH ACADEMY,,Hennepin,81.82,7th Grade
,,"NORTHOME, SECONDARY",,Koochiching,95.0,7th Grade
,,SOUTH ST. PAUL SEC.,,Dakota,97.78,7th Grade
,,COTTAGE GROVE MIDDLE,,Washington,95.87,7th Grade
,,LAKE MIDDLE,,Washington,97.78,7th Grade
,,NEW LIFE ACADEMY,,Washington,89.8,7th Grade
,,OLTMAN JR.,,Washington,98.0,7th Grade
,,SAINT AMBROSE OF WOODBURY,,Washington,98.0,7th Grade
,,WOODBURY MIDDLE,,Washington,98.0,7th Grade
,,SACRED HEART,,Mower,95.0,7th Grade
,,SOUTHLAND MID.,,Mower,93.1,7th Grade
,,SW METRO LEVEL 4 PROGRAMS,,Carver,52.38,7th Grade
,,SW METRO ONLINE LEARNING,,Carver,50.0,7th Grade
,,SPRING GROVE PUBLIC SCHOOLS,,Houston,95.0,7th Grade
,,AVAIL ACADEMY K-8,,Anoka,85.0,7th Grade
,,LIGHTHOUSE SECONDARY,,Anoka,95.0,7th Grade
,,WESTWOOD MID.,,Anoka,94.55,7th Grade
,,SPRINGFIELD PUBLIC SCHOOL,,Brown,98.0,7th Grade
,,ST CROIX PREPARATORY ACADEMY,,Washington,91.58,7th Grade
,,ST CHARLES BORROMEO,,Hennepin,89.29,7th Grade
,,ST. ANTHONY MID.,,Hennepin,96.64,7th Grade
,,ST. CHARLES SEC.,,Winona,98.0,7th Grade
,,ST. CLAIR SEC.,,Blue Earth,93.94,7th Grade
,,CATHEDRAL - JOHN XXIII,,Stearns,96.67,7th Grade
,,KENNEDY EL.,,Stearns,98.0,7th Grade
,,NORTH JR.,,Stearns,92.31,7th Grade
,,PRINCE OF PEACE LUTHERAN,,Stearns,61.54,7th Grade
,,SOUTH JR.,,Stearns,94.6,7th Grade
,,ST CLOUD CHRISTIAN,,Benton,72.73,7th Grade
,,ST JOHNS PREPARATORY,,Stearns,93.1,7th Grade
,,ST. CLOUD MATH & SCIENCE ACADEMY MIDDLE SCHOOL,,Stearns,64.52,7th Grade
,,ST. FRANCIS MIDDLE SCHOOL,,Anoka,95.96,7th Grade
,,ST. JAMES SEC.,,Watonwan,98.0,7th Grade
,,CHERRY SEC.,,St. Louis,90.91,7th Grade
,,NORTHEAST RANGE HIGH SCHOOL,,St. Louis,95.0,7th Grade
,,NORTHWOODS ELEMENTARY AND SECONDARY,,St. Louis,92.5,7th Grade
,,SOUTH RIDGE ELEMENTARY AND SOUTH RIDGE HIGH SCHOOL,,St. Louis,90.0,7th Grade
,,BENILDE - ST MARGARETS,,Hennepin,97.78,7th Grade
,,GROVES ACADEMY,,Hennepin,97.56,7th Grade
,,HEILICHER MINNEAPOLIS JEWISH DAY SCHOOL,,Hennepin,95.0,7th Grade
,,HOLY FAMILY ACADEMY,,Hennepin,85.0,7th Grade
,,ST. LOUIS PARK MIDDLE SCHOOL,,Hennepin,96.27,7th Grade
,,TORAH ACADEMY,,Hennepin,95.12,7th Grade
,,ST MICHAEL CATHOLIC SCHOOL,,Wright,93.33,7th Grade
,,ST. MICHAEL-ALBERTVILLE MIDDLE SCHOOL EAST,,Wright,96.55,7th Grade
,,ST. MICHAEL-ALBERTVILLE WEST MIDDLE SCHOOL,,Wright,96.39,7th Grade
,,AMERICAN INDIAN,,Ramsey,98.0,7th Grade
,,BATTLE CREEK MS,,Ramsey,96.91,7th Grade
,,BRIDGE VIEW,,Ramsey,95.0,7th Grade
,,CAPITOL HILL,,Ramsey,98.0,7th Grade
,,CREATIVE ARTS,,Ramsey,98.0,7th Grade
,,E-STEM,,Washington,96.45,7th Grade
,,FARNSWORTH UPPER,,Ramsey,98.0,7th Grade
,,FRIENDS SCHOOL OF MINNESOTA,,Ramsey,95.0,7th Grade
,,GLOBAL ARTS UPPER,,Ramsey,96.55,7th Grade
,,HAZEL PARK,,Ramsey,96.15,7th Grade
,,HIDDEN RIVER,,Ramsey,98.0,7th Grade
,,HIGHLAND CATHOLIC,,Ramsey,98.0,7th Grade
,,HIGHLAND PARK MS,,Ramsey,97.74,7th Grade
,,HOLY SPIRIT,,Ramsey,95.0,7th Grade
,,HUMBOLDT,,Ramsey,98.0,7th Grade
,,MURRAY,,Ramsey,97.95,7th Grade
,,NATIVITY,,Ramsey,96.39,7th Grade
,,ONLINE SCHOOL,,Ramsey,92.65,7th Grade
,,OPEN,,Ramsey,98.0,7th Grade
,,ST. AGNES,,Ramsey,78.95,7th Grade
,,ST. PASCAL REGIONAL,,Ramsey,95.0,7th Grade
,,ST. PAUL ACADEMY - SUMMIT (UPPER),,Ramsey,95.0,7th Grade
,,ST. PETER CLAVER CATHOLIC,,Ramsey,85.71,7th Grade
,,ST. THOMAS MORE,,Ramsey,98.0,7th Grade
,,TXUJ CI HMONG LANGUAGE AND CULTURE UPPER,,Ramsey,98.0,7th Grade
,,WASHINGTON TECHNOLOGY MIDDLE SCHOOL,,Ramsey,98.0,7th Grade
,,ST. PAUL CITY SCHOOL - MIDDLE SCHOOL,,Ramsey,84.91,7th Grade
,,ST. PAUL SCHOOL OF NORTHERN LIGHTS,,Ramsey,80.95,7th Grade
,,ST. PETER MID.,,Nicollet,96.69,7th Grade
,,MOTLEY-STAPLES MID.,,Todd,88.75,7th Grade
,,STAR OF THE NORTH ACADEMY - COON RAPIDS CAMPUS,,Anoka,78.57,7th Grade
,,STAR OF THE NORTH ACADEMY - EAST BETHEL CAMPUS,,Anoka,80.0,7th Grade
,,STEP ACADEMY SECONDARY,,Ramsey,80.77,7th Grade
,,STEP ACADEMY SECONDARY - BURNSVILLE,,Dakota,71.43,7th Grade
,,STEPHEN SENIOR HIGH,,Marshall,95.0,7th Grade
,,STEWARTVILLE MID.,,Olmsted,98.0,7th Grade
,,OAK-LAND JR.,,Washington,93.19,7th Grade
,,ST CROIX CATHOLIC,,Washington,91.18,7th Grade
,,STILLWATER MIDDLE,,Washington,95.97,7th Grade
,,STRIDE ACADEMY MIDDLE,,Stearns,58.71,7th Grade
,,SUCCESS ACADEMY - BLOOMINGTON - MIDDLE,,Hennepin,68.0,7th Grade
,,SUCCESS ACADEMY SAINT CLOUD,,Stearns,80.0,7th Grade
,,SWANVILLE SEC.,,Morrison,95.0,7th Grade
,,TERRA NOVA,,Wright,95.0,7th Grade
,,THE JOURNEY SCHOOL,,Ramsey,95.0,7th Grade
,,FRANKLIN MID.,,Pennington,93.79,7th Grade
,,TRACY SECONDARY,,Lyon,98.0,7th Grade
,,TREKNORTH JR. & SR. HIGH SCHOOL,,Beltrami,94.87,7th Grade
,,LECENTER K-8,,Le Sueur,98.0,7th Grade
,,MONTGOMERY K-8,,Le Sueur,98.0,7th Grade
,,TRI-COUNTY SECONDARY,,Kittson,95.0,7th Grade
,,TRITON MIDDLE SCHOOL,,Dodge,98.0,7th Grade
,,TRUMAN PUBLIC SCHOOL,,Martin,83.33,7th Grade
,,TWIN CITIES ACADEMY,,Ramsey,98.0,7th Grade
,,TWIN CITIES GERMAN IMMERSION CHRTR,,Ramsey,96.83,7th Grade
,,TWIN CITIES INTERNATIONAL SCHOOLS,,Hennepin,94.85,7th Grade
,,TWIN LAKES STEM ACADEMY,,Anoka,71.43,7th Grade
,,ULEN-HITTERDAL SEC.,,Clay,86.96,7th Grade
,,UNDERWOOD SEC.,,Otter Tail,98.0,7th Grade
,,USC SCHOOL,,Faribault,92.19,7th Grade
,,UNIVERSAL ACADEMY CHARTER SCHOOL,,Hennepin,68.09,7th Grade
,,UNIVERSAL ACADEMY SOUTH ELEMENTARY,,Dakota,68.42,7th Grade
,,UPSALA AREA SCHOOLS,,Morrison,98.0,7th Grade
,,URBAN ACADEMY CHARTER SCHOOL,,Ramsey,78.79,7th Grade
,,VENTURE ACADEMY,,Hennepin,73.33,7th Grade
,,VERNDALE SEC.,,Wadena,98.0,7th Grade
,,VOYAGEURS EXPEDITIONARY SCHOOL,,Beltrami,80.0,7th Grade
,,FALCON VIEW ONLINE ACADEMY,,Wabasha,91.18,7th Grade
,,WABASHA-KELLOGG SEC.,,Wabasha,96.67,7th Grade
,,WABASSO PUBLIC SCHOOL,,Redwood,94.29,7th Grade
,,ST JOSEPH,,Carver,76.47,7th Grade
,,TRINITY LUTHERAN,,Carver,71.43,7th Grade
,,WACONIA MIDDLE SCHOOL,,Carver,95.52,7th Grade
,,WADENA-DEER CREEK SR.,,Wadena,93.59,7th Grade
,,WALKER-HACKENSACK-AKELEY SEC.,,Cass,96.23,7th Grade
,,WARREN-ALVARADO-OSLO SEC.,,Marshall,95.12,7th Grade
,,WARROAD SR.,,Roseau,95.4,7th Grade
,,WASECA JR.,,Waseca,98.0,7th Grade
,,CHRIST COMMUNITY,,Carver,80.0,7th Grade
,,WATERTOWN-MAYER MID.,,Carver,91.8,7th Grade
,,ZION LUTHERAN-MAYER,,Carver,71.43,7th Grade
,,WATERVILLE-ELYSIAN-MORRISTOWN JR.,,Rice,98.0,7th Grade
,,WAUBUN SECONDARY,,Mahnomen,98.0,7th Grade
,,FOURTH BAPTIST,,Hennepin,50.0,7th Grade
,,PROVIDENCE ACADEMY,,Hennepin,91.46,7th Grade
,,WAYZATA CENTRAL MID.,,Hennepin,97.03,7th Grade
,,WAYZATA EAST MID.,,Hennepin,95.89,7th Grade
,,WAYZATA WEST MID.,,Hennepin,96.7,7th Grade
,,WEST CENTRAL AREA SECONDARY SCHOOL,,Grant,96.49,7th Grade
,,COMMUNITY OF SAINTS,,Dakota,95.0,7th Grade
,,CONVENT OF THE VISITATION,,Dakota,91.67,7th Grade
,,CROWN OF LIFE,,Dakota,90.48,7th Grade
,,FRIENDLY HILLS MID.,,Dakota,96.59,7th Grade
,,HERITAGE MID.,,Dakota,97.24,7th Grade
,,ST CROIX LUTHERAN,,Dakota,95.0,7th Grade
,,ST JOSEPH,,Dakota,97.37,7th Grade
,,TRINITY LONE OAK LUTHERAN,,Dakota,90.0,7th Grade
,,WESTBROOK JUNIOR/SENIOR HIGH,,Cottonwood,91.89,7th Grade
,,OUR LADY OF THE LAKE,,Hennepin,69.23,7th Grade
,,WESTONKA MIDDLE SCHOOL,,Hennepin,94.74,7th Grade
,,WHEATON SEC.,,Traverse,95.0,7th Grade
,,CENTRAL MID.,,Ramsey,98.0,7th Grade
,,FRASSATI CATHOLIC ACADEMY,,Washington,95.0,7th Grade
,,LIBERTY CLASSICAL,,Ramsey,88.0,7th Grade
,,MARINER MIDDLE SCHOOL,,Ramsey,98.0,7th Grade
,,ST ANNES ACADEMY,,Ramsey,30.0,7th Grade
,,COMMUNITY CHRISTIAN,,Kandiyohi,84.21,7th Grade
,,WILLMAR MIDDLE SCHOOL,,Kandiyohi,98.0,7th Grade
,,WILLOW RIVER SEC.,,Pine,94.59,7th Grade
,,WINDOM MIDDLE/HIGH SCHOOL,,Cottonwood,97.5,7th Grade
,,WIN-E-MAC SCHOOL,,Polk,88.64,7th Grade
,,COTTER SCHOOLS (7-12),,Winona,94.95,7th Grade
,,WINONA MIDDLE SCHOOL,,Winona,94.48,7th Grade
,,WOODBURY LEADERSHIP ACADEMY,,Washington,88.0,7th Grade
,,VIRTUAL INSTRUCTION BY EXCELLENCE SECONDARY,,Nobles,60.0,7th Grade
,,WRENSHALL SEC.,,Carlton,95.0,7th Grade
,,YELLOW MEDICINE EAST SECONDARY,,Yellow Medicine,97.3,7th Grade
,,YINGHUA ACADEMY,,Hennepin,91.3,7th Grade
,,ZUMBROTA-MAZEPPA MID.,,Goodhue,93.41,7th Grade
