"School Name","School Type","Address","City","Zipcode","Planning Region","Polio","DTaP","MMR","HepB","Var","HepA","MCV","Tdap","All","Ex_Rel","Ex_Med","Ex_Tot"
"Ansonia Middle School","Public","115 Howard Ave.","Ansonia","06401","Naugatuck Valley","98.3","98.3","98.9","98.9","98.9","97.7","86.8","86.2","84.5","0.6","0.6","1.1"
"Assumption-Ansonia","Non-public","51 North Cliff Street","Ansonia","06401","Naugatuck Valley","DS","DS","DS","DS","DS","DS","DS","DS","DS","DS","DS","DS"
"Ashford School","Public","440 Westford Rd.","Ashford","06278","Northeast CT","96.1","96.1","96.1","96.1","96.1","92.2","96.1","96.1","92.2","3.9","0.0","3.9"
"Avon Middle School","Public","375 West Avon Rd.","Avon","06001","Capitol","97.9","98.4","96.3","98.4","95.9","97.9","98.4","97.9","93.8","1.6","0.0","1.6"
"Farmington Valley Academy Montessori","Public","150 Fisher Drive","Avon","06001","Capitol","DS","DS","DS","DS","DS","DS","DS","DS","DS","DS","DS","DS"
"Talcott Mt. Academy of Science Math & Technology","Non-public","324 Montevideo Road","Avon","06001","Capitol","DS","DS","DS","DS","DS","DS","DS","DS","DS","DS","DS","DS"
"The Webb School in the Valley","Non-public","135 Darling Drive","Avon","06001","Capitol","DS","DS","DS","DS","DS","DS","DS","DS","DS","DS","DS","DS"
"Catherine M. McGee Middle School","Public","899 Norton Rd.","Berlin","06037","Capitol","95.0","95.5","95.5","95.0","95.0","95.0","95.0","95.5","95.0","4.5","0.0","4.5"
"Prism Academy","Non-public","166 Lincoln Street","Berlin","06037","Capitol","DNC","DNC","DNC","DNC","DNC","DNC","DNC","DNC","DNC","DNC","DNC","DNC"
"St. Paul School","Non-public","461 Alling Street","Berlin","06037","Capitol","DS","DS","DS","DS","DS","DS","DS","DS","DS","DS","DS","DS"
"Amity Middle School: Bethany","Public","190 Luke Hill Rd.","Bethany","06524","South Central","97.4","97.4","97.4","97.4","97.4","97.4","97.4","97.4","97.4","2.6","0.0","2.6"
"Bethel Middle School","Public","600 Whittlesey Dr.","Bethel","06801","Western CT","95.8","95.8","95.8","95.8","95.8","95.8","95.3","94.9","94.9","3.4","0.8","4.2"
"St. Mary School-Bethel","Non-public","24 Dodgingtown Road","Bethel","06801","Western CT","DS","DS","DS","DS","DS","DS","DS","DS","DS","DS","DS","DS"
"Academy of International Studies 6-12","Non-public","1551 Blue Hills Ave.","Bloomfield","06002","Capitol","91.7","96.3","93.5","95.4","93.5","93.5","84.3","87.0","80.6","1.9","1.9","3.7"
"Ana Grace Academy of the Arts 6-8","Public","129 Griffin Road North","Bloomfield","06002","Capitol","98.2","98.2","98.2","98.2","98.2","98.2","97.3","97.3","97.3","1.8","0.0","1.8"
"Carmen Arace","Public","390 Park Avenue","Bloomfield","06002","Capitol","DNC","DNC","DNC","DNC","DNC","DNC","DNC","DNC","DNC","DNC","DNC","DNC"
"Global Experience Magnet School","Public","44 Griffin Rd., South","Bloomfield","06002","Capitol","DS","DS","DS","DS","DS","DS","DS","DS","DS","DS","DS","DS"
"River Street School Birken Campus","Public","1289 Blue Hills Avenue","Bloomfield","06002","Capitol","DS","DS","DS","DS","DS","DS","DS","DS","DS","DS","DS","DS"
"Bolton Center School","Public","108 Notch Rd.","Bolton","06043","Capitol","96.2","96.2","96.2","96.2","96.2","96.2","96.2","96.2","96.2","3.8","0.0","3.8"
"Fields Memorial School","Public","8 Bozrah St. Ext.","Bozrah","06334","Southeastern CT","DS","DS","DS","DS","DS","DS","DS","DS","DS","DS","DS","DS"
"East Shoreline Catholic Academy","Non-public","62 Cedar Street","Branford","06405","South Central","DS","DS","DS","DS","DS","DS","DS","DS","DS","DS","DS","DS"
"Francis Walsh Intermediate School","Public","185 Damascus Rd.","Branford","06405","South Central","99.5","99.5","99.5","99.5","99.5","99.5","99.5","99.5","99.5","0.5","0.0","0.5"
"Adam J. Lewis Academy","Non-public","500 State St.","Bridgeport","06604","Greater Bridgeport","DS","DS","DS","DS","DS","DS","DS","DS","DS","DS","DS","DS"
"Barnum School","Public","495 Waterview Avenue","Bridgeport","06608","Greater Bridgeport","100.0","100.0","100.0","98.1","100.0","98.1","100.0","98.1","96.2","0.0","0.0","0.0"
"Black Rock School","Public","545 Brewster St.","Bridgeport","06605","Greater Bridgeport","100","100","100.0","100.0","100.0","100.0","100.0","100.0","100.0","0.0","0.0","0.0"
"Blackham School","Public","425 Thorme St.","Bridgeport","06606","Greater Bridgeport","95.7","98.2","98.2","97.5","98.2","97.5","95.7","97.5","95.1","1.2","0.6","1.8"
"Bridgeport Hope School","Non-public","283 Lafayette Street","Bridgeport","06604","Greater Bridgeport","DS","DS","DS","DS","DS","DS","DS","DS","DS","DS","DS","DS"
"Bridgeport Learning Center","Non-public","280 Tesiny Ave.","Bridgeport","06606","Greater Bridgeport","DS","DS","DS","DS","DS","DS","DS","DS","DS","DS","DS","DS"
"Capital Preparatory Harbor School 7-12","Public","777 Main Street","Bridgeport","06604","Greater Bridgeport","100.0","100.0","98.4","100.0","88.9","95.2","95.2","93.7","81.0","0.0","0.0","0.0"
"Catholic Academy of Bridgeport: St. Andrew Academy","Non-public","395 Anton Street","Bridgeport","06606","Greater Bridgeport","DS","DS","DS","DS","DS","DS","DS","DS","DS","DS","DS","DS"
"Catholic Academy of Bridgeport: St. Ann Academy","Non-public","521 Brewster Street","Bridgeport","06605","Greater Bridgeport","DS","DS","DS","DS","DS","DS","DS","DS","DS","DS","DS","DS"
"Catholic Academy of Bridgeport: St. Augustine Academy","Non-public","63 Pequonnock Street","Bridgeport","06604","Greater Bridgeport","100.0","100.0","100.0","100.0","100.0","100.0","80.0","85.7","77.1","0.0","0.0","0.0"
"Cesar Batalla School","Public","606 Howard Ave.","Bridgeport","06605","Greater Bridgeport","96.7","99.2","96.7","96.7","96.7","94.3","87.8","91.9","79.7","0.0","0.0","0.0"
"Classical Studies Academy 3-8","Public","240 Linwood Ave.","Bridgeport","06604","Greater Bridgeport","97.1","97.1","97.1","97.1","97.1","97.1","97.1","97.1","97.1","2.9","0.0","2.9"
"Columbus School","Public","300 University Avenue","Bridgeport","06604","Greater Bridgeport","100","100","93.3","100.0","96.7","100.0","100.0","100.0","93.3","0.0","0.0","0.0"
"Discovery Magnet","Non-public","4510 Park Avenue","Bridgeport","06606","Greater Bridgeport","97.7","97.7","97.7","97.7","97.7","97.7","97.7","97.7","97.7","2.3","0.0","2.3"
"Geraldine Claytor Magnet Academy","Public","240 Ocean Terrace","Bridgeport","06605","Greater Bridgeport","100.0","100.0","100.0","100.0","100.0","100.0","97.9","97.9","97.9","0.0","0.0","0.0"
"Geraldine Johnson School","Public","475 Lexington Avenue","Bridgeport","06604","Greater Bridgeport","100.0","100.0","100.0","98.8","98.8","96.4","96.4","95.2","85.7","0.0","0.0","0.0"
"Great Oaks Charter School","Public","375 Howard Avenue","Bridgeport","06605","Greater Bridgeport","68.3","70.3","73.3","39.6","69.3","71.3","41.6","43.6","38.6","1.0","0.0","1.0"
"High Horizons","Non-public","700 Palisades Avenue","Bridgeport","06610","Greater Bridgeport","91.5","91.5","91.5","91.5","91.5","91.5","91.5","91.5","91.5","4.3","4.3","8.5"
"James J. Curiale School","Public","300 Laurel Ave.","Bridgeport","06604","Greater Bridgeport","100","100","100.0","100.0","100.0","100.0","100.0","100.0","100.0","0.0","0.0","0.0"
"Jettie S. Tisdale School","Public","250 Hollister Avenue","Bridgeport","06607","Greater Bridgeport","100","100","100.0","100.0","100.0","100.0","100.0","100.0","100.0","0.0","0.0","0.0"
"John Winthrop School","Public","85 Eckart St.","Bridgeport","06606","Greater Bridgeport","96.8","96.8","96.8","96.8","96.8","96.8","96.8","96.8","96.8","3.2","0.0","3.2"
"Luis Munoz Marin School","Public","479 Helen St.","Bridgeport","06608","Greater Bridgeport","98.9","98.9","100.0","100.0","100.0","98.9","96.8","97.9","96.8","0.0","0.0","0.0"
"Multicultural Magnet School","Public","700 Palisade Ave.","Bridgeport","06610","Greater Bridgeport","100","100","100.0","100.0","100.0","100.0","100.0","100.0","100.0","0.0","0.0","0.0"
"Northeastern Adventist Academy - Fairfield County Campus","Non-public","827 Trumbull Avenue","Bridgeport","06606","Greater Bridgeport","DNC","DNC","DNC","DNC","DNC","DNC","DNC","DNC","DNC","DNC","DNC","DNC"
"Park City Magnet School","Public","1526 Chopsey Hill Rd.","Bridgeport","06606","Greater Bridgeport","100.0","100.0","100.0","100.0","100.0","100.0","91.9","94.6","91.9","0.0","0.0","0.0"
"Park City Prep Charter School","Public","1550 State Street","Bridgeport","06605","Greater Bridgeport","DNC","DNC","DNC","DNC","DNC","DNC","DNC","DNC","DNC","DNC","DNC","DNC"
"Paul Laurence Dunbar School","Public","445 Union Ave.","Bridgeport","06607","Greater Bridgeport","100.0","100.0","100.0","100.0","100.0","98.0","98.0","96.1","94.1","0.0","0.0","0.0"
"Read School","Public","130 Ezra St.","Bridgeport","06606","Greater Bridgeport","98.5","100","100.0","98.5","100.0","98.5","100.0","100.0","97.1","0.0","0.0","0.0"
"Roosevelt School","Public","680 Park Ave.","Bridgeport","06604","Greater Bridgeport","100","100","100.0","100.0","100.0","100.0","100.0","100.0","100.0","0.0","0.0","0.0"
"Six-Six Magnet School","Non-public","601 Pearl Harbor St.","Bridgeport","06610","Greater Bridgeport","84.4","84.4","84.4","84.4","84.4","84.4","84.4","84.4","84.4","12.5","3.1","15.6"
"The Bridge Academy","Public","160 Pulaski Street","Bridgeport","06608","Greater Bridgeport","76.9","76.9","78.8","76.9","78.8","78.8","59.6","63.5","59.6","0.0","0.0","0.0"
"Thomas Hooker School","Public","138 Roger Williams Rd.","Bridgeport","06610","Greater Bridgeport","DS","DS","DS","DS","DS","DS","DS","DS","DS","DS","DS","DS"
"Waltersville School","Public","150 Hallett Street","Bridgeport","06608","Greater Bridgeport","98.0","98.0","98.0","98.0","98.0","98.0","92.2","94.1","92.2","0.0","0.0","0.0"
"Wilbur Cross School","Public","1775 Reservoir Ave.","Bridgeport","06606","Greater Bridgeport","94.6","94.6","94.6","91.9","94.6","94.6","91.9","91.9","89.2","0.0","5.4","5.4"
"Bristol Arts and Innovation Magnet School","Public","70 Memorial Boulevard","Bristol","06111","Naugatuck Valley","96.6","96.6","96.6","96.6","96.6","96.6","96.6","96.6","96.6","3.4","0.0","3.4"
"Chippens Hill Middle School","Public","551 Peacedale St.","Bristol","06010","Naugatuck Valley","96.2","96.7","96.7","96.7","96.2","95.7","94.0","92.9","90.8","3.3","0.0","3.3"
"Greene-Hills School","Public","718 Pine St.","Bristol","06010","Naugatuck Valley","100","100","100.0","100.0","100.0","100.0","100.0","100.0","100.0","0.0","0.0","0.0"
"Immanuel Lutheran-Bristol","Non-public","154 Meadow Street","Bristol","06010","Naugatuck Valley","DS","DS","DS","DS","DS","DS","DS","DS","DS","DS","DS","DS"
"Northeast Middle School","Public","530 Stevens St.","Bristol","06010","Naugatuck Valley","97.9","97.9","97.9","97.9","97.9","97.9","92.6","92.6","92.6","2.1","0.0","2.1"
"Oak Hill School at Bristol","Non-public","47 Upton Street","Bristol","06057","Naugatuck Valley","DNC","DNC","DNC","DNC","DNC","DNC","DNC","DNC","DNC","DNC","DNC","DNC"
"St. Joseph-Bristol","Non-public","335 Center Street","Bristol","06010","Naugatuck Valley","DS","DS","DS","DS","DS","DS","DS","DS","DS","DS","DS","DS"
"St. Matthew","Non-public","33 Welch Drive","Bristol","06010","Naugatuck Valley","DS","DS","DS","DS","DS","DS","DS","DS","DS","DS","DS","DS"
"West Bristol School","Public","500 Clark Avenue","Bristol","06010","Naugatuck Valley","96.2","96.2","96.2","96.2","96.2","94.9","94.9","93.6","93.6","3.8","0.0","3.8"
"Christian Life Academy","Non-public","133 Junction Road","Brookfield","06804","Western CT","DS","DS","DS","DS","DS","DS","DS","DS","DS","DS","DS","DS"
"Whisconier Middle School","Public","17 West Whisconier Rd.","Brookfield","06804","Western CT","99","99","99.0","99.0","99.0","98.6","99.0","99.0","98.6","0.0","1.0","1.0"
"Brooklyn Middle School","Public","119 Gorman Rd.","Brooklyn","06234","Northeast CT","96.8","96.8","96.8","96.8","96.8","96.8","96.8","96.8","96.8","3.2","0.0","3.2"
"The Learning Clinic","Public","476 Pomfret Road","Brooklyn","06234","Northeast CT","DS","DS","DS","DS","DS","DS","DS","DS","DS","DS","DS","DS"
"Har-Bur Middle School","Public","24 Lyon Rd.","Burlington","06013","Northwest Hills","94.4","94.4","94.4","94.4","94.4","94.4","94.4","94.4","94.4","5.6","0.0","5.6"
"Lee H. Kellogg School","Public","47 Main St.","Canaan","06031","Northwest Hills","DS","DS","DS","DS","DS","DS","DS","DS","DS","DS","DS","DS"
"Dr. Helen Baldwin Middle School","Public","45 Westminster Rd.","Canterbury","06331","Northeast CT","89.7","89.7","89.7","89.7","89.7","89.7","89.7","89.7","89.7","10.3","0.0","10.3"
"Canton Middle School","Public","76 Simonds Avenue","Canton","06019","Capitol","93.0","93.0","93.0","93.0","92.1","93.0","87.7","87.7","87.7","7.0","0.0","7.0"
"Fresh Start School","Non-public","126 Dowd Avenue","Canton","06019","Capitol","DNC","DNC","DNC","DNC","DNC","DNC","DNC","DNC","DNC","DNC","DNC","DNC"
"Parish Hill High School","Public","304 Parish Hill Rd.","Chaplin","06235","Northeast CT","94.4","94.4","94.4","94.4","94.4","94.4","94.4","94.4","94.4","5.6","0.0","5.6"
"Dodd Middle School","Public","100 Park Place","Cheshire","06410","Naugatuck Valley","94.6","94.6","94.6","94.6","94.6","94.6","94.6","94.6","94.6","4.3","1.1","5.4"
"St. Bridget School-Cheshire","Non-public","171 Main Street","Cheshire","06410","Naugatuck Valley","91.7","91.7","91.7","91.7","91.7","91.7","91.7","91.7","91.7","5.6","2.8","8.3"
"Jared Eliot School","Public","69 Fairy Dell Rd.","Clinton","06413","Lower CT River Valley","98.2","98.2","98.2","98.2","98.2","95.4","98.2","98.2","95.4","1.8","0.0","1.8"
"William J. Johnston Middle School","Public","360 Norwich Ave.","Colchester","06415","Southeastern CT","93.4","93.4","93.4","93.4","93.4","93.4","93.4","93.4","93.4","6.6","0.0","6.6"
"Bridges Community School","Public","10 Commerce Ave","Columbia","06237","Capitol","DNC","DNC","DNC","DNC","DNC","DNC","DNC","DNC","DNC","DNC","DNC","DNC"
"Horace W. Porter School","Public","3 Schoolhouse Road","Columbia","06237","Capitol","94.1","94.1","94.1","94.1","94.1","94.1","88.2","90.2","88.2","5.9","0.0","5.9"
"Cornwall Consolidated School","Public","5 Cream Hill Rd.","Cornwall","06796","Northwest Hills","DS","DS","DS","DS","DS","DS","DS","DS","DS","DS","DS","DS"
"Capt. Nathan Hale School","Public","1776 Main Street","Coventry","06238","Capitol","97.2","97.2","97.2","97.2","97.2","97.2","97.2","97.2","97.2","1.9","0.9","2.8"
"Cromwell Middle School","Public","6 Captain James Mann Memorial Dr.","Cromwell","06416","Lower CT River Valley","97.1","97.9","97.1","97.1","97.1","98.6","98.6","97.1","92.9","1.4","0.0","1.4"
"Broadview Middle School","Public","72 Hospital Ave.","Danbury","06810","Western CT","99.1","99.1","99.1","99.1","99.1","99.1","99.1","99.1","99.1","0.6","0.0","0.6"
"Endeavor","Public","10-12 Crosby Street","Danbury","06810","Western CT","DS","DS","DS","DS","DS","DS","DS","DS","DS","DS","DS","DS"
"Hudson Country Montessori","Non-public","44A Shelter Rock Road","Danbury","06810","Western CT","DS","DS","DS","DS","DS","DS","DS","DS","DS","DS","DS","DS"
"Immanuel Lutheran-Danbury","Non-public","18 Clapboard Ridge Road","Danbury","06811","Western CT","DS","DS","DS","DS","DS","DS","DS","DS","DS","DS","DS","DS"
"Rogers Park Middle School","Public","21 Memorial Dr.","Danbury","06810","Western CT","99.4","99.4","99.4","99.4","99.4","99.0","99.4","99.4","99.0","0.6","0.0","0.6"
"St. Gregory The Great","Non-public","85 Great Plain Road","Danbury","06811","Western CT","DS","DS","DS","DS","DS","DS","DS","DS","DS","DS","DS","DS"
"St. Joseph School-Danbury","Non-public","370 Main Street","Danbury","06810","Western CT","93.5","93.5","93.5","93.5","93.5","93.5","80.6","74.2","74.2","6.5","0.0","6.5"
"St. Peter Sacred Heart School","Non-public","98 Main Street","Danbury","06810","Western CT","DS","DS","DS","DS","DS","DS","DS","DS","DS","DS","DS","DS"
"Westside Middle School Academy","Public","1 School Ridge Road","Danbury","06811","Western CT","99.6","99.6","99.6","99.6","99.6","99.6","99.6","99.2","99.2","0.4","0.0","0.4"
"Wooster School","Non-public","91 Miry Brook Road","Danbury","06810","Western","DNC","DNC","DNC","DNC","DNC","DNC","DNC","DNC","DNC","DNC","DNC","DNC"
"Cross Street Academy","Non-public","80 Christie Hill Rd","Darien","06820","Western","DNC","DNC","DNC","DNC","DNC","DNC","DNC","DNC","DNC","DNC","DNC","DNC"
"Middlesex Middle School","Public","204 Hollow Tree Ridge Rd.","Darien","06820","Western CT","97.3","97.3","97.3","97.3","97.3","97.0","96.4","95.8","95.2","2.1","0.6","2.7"
"Connecticut Coastal Academy","Non-public","141 Main Street","Deep River","06417","Lower CT River Valley","DNC","DNC","DNC","DNC","DNC","DNC","DNC","DNC","DNC","DNC","DNC","DNC"
"John Winthrop Middle School","Public","1 Winthrop Road","Deep River","06417","Lower CT River Valley","95.5","95.5","95.5","95.5","95.5","94.3","79.5","73.9","72.7","4.5","0.0","4.5"
"Derby Middle School","Public","73 Chatfield Street","Derby","06418","Naugatuck Valley","97.3","97.3","97.3","97.3","97.3","97.3","97.3","97.3","97.3","2.7","0.0","2.7"
"St. Mary - St. Michael","Non-public","14 Seymour Avenue","Derby","06418","Naugatuck Valley","DS","DS","DS","DS","DS","DS","DS","DS","DS","DS","DS","DS"
"Frank Ward Strong School","Public","191 Main Street","Durham","06422","Lower CT River Valley","95.7","95.7","95.7","95.7","95.7","95.7","95.7","95.7","95.7","4.3","0.0","4.3"
"East Granby Middle School","Public","95 South Main St.","East Granby","06026","Capitol","98.5","98.5","98.5","98.5","98.5","98.5","98.5","98.5","98.5","0.0","1.5","1.5"
"Nathan Hale-Ray Middle School","Public","73 Clark Gates Rd.","East Haddam","06469","Lower CT River Valley","91.2","91.2","91.2","91.2","91.2","91.2","91.2","91.2","91.2","7.4","1.5","8.8"
"East Hampton Middle School","Public","19 Childs Rd.","East Hampton","06424","Lower CT River Valley","94.3","95.1","95.1","94.3","95.1","94.3","94.3","94.3","94.3","3.3","1.6","4.9"
"Academy of Computer Science and Engineering Middle School","Non-public","337 East River Dr.","East Hartford","06108","Capitol","99.6","99.1","99.6","99.1","99.6","99.1","95.2","94.8","92.6","0.0","0.0","0.0"
"Conecticut Education Center","Public","50 Chapman Pl #1416","East Hartford","06108","Capitol","DS","DS","DS","DS","DS","DS","DS","DS","DS","DS","DS","DS"
"Connecticut River Academy at Goodwin University 6-8","Non-public","9 Riverside Drive","East Hartford","06118","Capitol","98.8","98.8","97.5","98.8","97.5","97.5","97.5","97.5","95.0","1.3","0.0","1.3"
"East Hartford Middle School","Public","777 Burnside Ave.","East Hartford","06108","Capitol","98.5","98.8","98.8","98.8","98.5","98.8","95.7","94.4","94.4","1.2","0.0","1.2"
"John J. Allison Polaris Center","Non-public","474 School St.","East Hartford","06108","Capitol","DS","DS","DS","DS","DS","DS","DS","DS","DS","DS","DS","DS"
"Sunset Ridge Middle School","Public","450 Forbes St.","East Hartford","06118","Capitol","99.1","99.1","99.1","99.1","99.1","99.1","99.1","99.1","99.1","0.9","0.0","0.9"
"Woodland School","Public","110 Long Hill Dr.","East Hartford","06108","Capitol","DS","DS","DS","DS","DS","DS","DS","DS","DS","DS","DS","DS"
"Carbone School/East Haven Academy","Public","200 Tyler St.","East Haven","06512","South Central","100","100","100.0","100.0","100.0","100.0","100.0","100.0","100.0","0.0","0.0","0.0"
"Joseph Melillo Middle School","Public","67 Hudson St.","East Haven","06512","South Central","100","100","100.0","100.0","100.0","100.0","100.0","100.0","100.0","0.0","0.0","0.0"
"East Lyme Middle School","Public","31 Society Rd.","East Lyme","06357","Southeastern CT","95.9","95.9","95.9","95.9","95.9","95.9","95.9","95.9","95.9","2.9","1.2","4.1"
"The Light House Learning Campus","Non-public","15 Liberty Way","East Lyme","06357","Southeastern CT","DS","DS","DS","DS","DS","DS","DS","DS","DS","DS","DS","DS"
"East Windsor Middle School","Public","38 Main St.","East Windsor","06016","Capitol","94.3","94.3","94.3","94.3","94.3","94.3","94.3","94.3","94.3","5.7","0.0","5.7"
"Eastford Elementary School","Public","12 Westford Road","Eastford","06242","Northeast CT","DS","DS","DS","DS","DS","DS","DS","DS","DS","DS","DS","DS"
"Easton Country Day School","Non-public","660 Morehouse Rd.","Easton","06612","Greater Bridgeport","DS","DS","DS","DS","DS","DS","DS","DS","DS","DS","DS","DS"
"Helen Keller Middle School","Public","360 Sport Hill Rd.","Easton","06612","Greater Bridgeport","92.7","92.7","92.7","92.7","92.7","92.7","92.7","92.7","92.7","7.3","0.0","7.3"
"The Speech Academy-Easton","Non-public","656 Morehouse Road","Easton","06612","Greater Bridgeport","DS","DS","DS","DS","DS","DS","DS","DS","DS","DS","DS","DS"
"BASES 89","Public","89 west rd","Ellington","06029","Capitol","DS","DS","DS","DS","DS","DS","DS","DS","DS","DS","DS","DS"
"Ellington Middle School","Public","46 Middle Butcher Rd.","Ellington","06029","Capitol","98.5","98.5","98.5","98.5","98.5","98.5","98.5","98.5","98.5","1.5","0.0","1.5"
"Eagle Academy","Non-public","1270 Enfield Street","Enfield","06082","Capitol","DS","DS","DS","DS","DS","DS","DS","DS","DS","DS","DS","DS"
"Enfield Montessori School","Non-public","1325 Enfield Street","Enfield","06082","Capitol","DS","DS","DS","DS","DS","DS","DS","DS","DS","DS","DS","DS"
"John F. Kennedy Middle School","Public","155 Raffia Rd.","Enfield","06082","Capitol","98.7","99","99.0","99.0","99.0","99.0","99.0","98.7","98.3","0.7","0.3","1.0"
"St. Bernard School-Enfield","Non-public","232 Pearl Street","Enfield","06082","Capitol","DS","DS","DS","DS","DS","DS","DS","DS","DS","DS","DS","DS"
"Assumption Catholic School","Non-public","605 Stratfield Road","Fairfield","06825","Greater Bridgeport","DS","DS","DS","DS","DS","DS","DS","DS","DS","DS","DS","DS"
"Covenant School of Bridgeport","Non-public","140 Edison Ave","Fairfield","06825","Greater Bridgeport","DS","DS","DS","DS","DS","DS","DS","DS","DS","DS","DS","DS"
"Fairfield Country Day School","Non-public","2970 Bronson Road","Fairfield","06824","Greater Bridgeport","97.0","97.0","97.0","97.0","97.0","97.0","97.0","97.0","97.0","3.0","0.0","3.0"
"Fairfield Woods Middle School","Public","1115 Fairfield Woods Rd.","Fairfield","06824","Greater Bridgeport","97.0","97.0","97.0","97.0","97.0","96.6","97.0","97.0","96.6","3.0","0.0","3.0"
"Fusion Academy Fairfield","Non-public","777 Commerce Drive","Fairfield","06824","Greater Bridgeport","DS","DS","DS","DS","DS","DS","DS","DS","DS","DS","DS","DS"
"Roger Ludlowe Middle School","Public","689 Unquowa Rd.","Fairfield","06824","Greater Bridgeport","98.0","98.0","98.0","98.0","98.0","98.0","98.0","98.0","98.0","1.6","0.4","2.0"
"St. Catherine Academy","Non-public","760 Tahmore Drive","Fairfield","06825","Greater Bridgeport","DS","DS","DS","DS","DS","DS","DS","DS","DS","DS","DS","DS"
"St. Thomas Aquinas Catholic School","Non-public","1719 Post Road","Fairfield","06824","Greater Bridgeport","97.6","97.6","97.6","97.6","97.6","97.6","97.6","97.6","97.6","2.4","0.0","2.4"
"The Southport School","Non-public","214 Main Street","Fairfield","06890","Greater Bridgeport","DS","DS","DS","DS","DS","DS","DS","DS","DS","DS","DS","DS"
"The Unquowa School","Non-public","981 Stratfield Road","Fairfield","06825","Greater Bridgeport","DS","DS","DS","DS","DS","DS","DS","DS","DS","DS","DS","DS"
"Tomlinson Middle School","Public","200 Unquowa Rd.","Fairfield","06824","Greater Bridgeport","99","99","99.0","99.0","99.0","99.0","99.0","99.0","99.0","1.0","0.0","1.0"
"Irving A. Robbins Middle School","Public","20 Wolf Pit Rd.","Farmington","06032","Capitol","96.3","96.3","96.3","96.3","96.3","96.3","96.3","96.0","96.0","3.1","0.6","3.7"
"Franklin Elementary School","Public","206 Pond Rd.","Franklin","06254","Southeastern CT","DS","DS","DS","DS","DS","DS","DS","DS","DS","DS","DS","DS"
"Eastbury Programs","Non-public","1389 Neipsic Road","Glastonbury","06033","Capitol","DS","DS","DS","DS","DS","DS","DS","DS","DS","DS","DS","DS"
"Smith Middle School","Public","216 Addison Rd.","Glastonbury","06033","Capitol","98.0","98.0","98.0","98.0","98.0","98.0","97.3","97.1","96.9","1.8","0.2","2.0"
"Granby Memorial Middle School","Public","321 Salmon Brook St.","Granby","06035","Capitol","98.5","98.5","98.5","97.7","98.5","98.5","98.5","98.5","97.7","1.5","0.0","1.5"
"Brunswick School","Non-public","100 Maher Avenue","Greenwich","06830","Western","DNC","DNC","DNC","DNC","DNC","DNC","DNC","DNC","DNC","DNC","DNC","DNC"
"Central Middle School","Public","9 Indian Rock Ln.","Greenwich","06830","Western CT","96.3","96.3","96.3","96.3","96.3","96.3","96.3","96.3","96.3","3.8","0.0","3.8"
"Eagle Hill School","Non-public","45 Glenville Road","Greenwich","06831","Western CT","97.4","97.4","97.4","97.4","97.4","97.4","97.4","97.4","97.4","0.0","2.6","2.6"
"Eastern Middle School","Public","51 Hendrie Ave.","Greenwich","06878","Western CT","98.5","98.5","98.5","98.2","98.5","98.5","98.5","98.5","98.2","1.5","0.0","1.5"
"Greenwich Academy","Public","200 North Maple Avenue","Greenwich","06830","Western CT","100","100","100.0","100.0","100.0","100.0","100.0","100.0","100.0","0.0","0.0","0.0"
"Greenwich Catholic","Non-public","471 North Street","Greenwich","06830","Western CT","93.8","93.8","93.8","93.8","93.8","93.8","93.8","93.8","93.8","6.3","0.0","6.3"
"Greenwich Country Day","Non-public","401 Old Church Road","Greenwich","06830","Western CT","100","100","100.0","100.0","100.0","100.0","100.0","100.0","100.0","0.0","0.0","0.0"
"Sacred Heart Greenwich","Non-public","1177 King Street","Greenwich","06831","Western CT","96.1","96.1","96.1","96.1","96.1","96.1","96.1","96.1","96.1","3.9","0.0","3.9"
"The Greenwich Japanese School","Non-public","6 Riverside,","Greenwich","06878","Western CT","DS","DS","DS","DS","DS","DS","DS","DS","DS","DS","DS","DS"
"Western Middle School","Public","1 Western Junior Hwy.","Greenwich","06830","Western CT","98.9","98.9","98.9","98.9","98.9","98.9","98.9","98.9","98.9","0.6","0.6","1.1"
"Whitby School","Non-public","969 Lake Avenue","Greenwich","06831","Western CT","DS","DS","DS","DS","DS","DS","DS","DS","DS","DS","DS","DS"
"Griswold Middle School","Public","211 Slater Ave.","Griswold","06351","Southeastern CT","94.4","91.0","91.0","94.4","94.4","94.4","91.0","91.0","91.0","4.9","0.7","5.6"
"Grace Valley Academy","Non-public","20 Grove Ave","Groton","06340","Southeastern CT","DNC","DNC","DNC","DNC","DNC","DNC","DNC","DNC","DNC","DNC","DNC","DNC"
"Groton Middle School","Public","35 Groton Long Point Road","Groton","06340","Southeastern CT","100","100","100.0","100.0","100.0","100.0","100.0","100.0","100.0","0.0","0.0","0.0"
"Sacred Heart School-Groton","Non-public","50 Sacred Heart Drive","Groton","06340","Southeastern CT","DS","DS","DS","DS","DS","DS","DS","DS","DS","DS","DS","DS"
"E. C. Adams Middle School","Public","233 Church St.","Guilford","06437","South Central","98.4","98.4","98.4","98.4","98.4","98.4","98.4","98.4","98.4","1.6","0.0","1.6"
"Aces Wintergreen Interdistrict Magnet School","Public","670 wintergreen ave","Hamden","06514","South Central","100","100","100.0","100.0","100.0","100.0","100.0","100.0","100.0","0.0","0.0","0.0"
"Cedarhurst School","Non-public","871 Prospect Street","Hamden","06517","South Central","DNC","DNC","DNC","DNC","DNC","DNC","DNC","DNC","DNC","DNC","DNC","DNC"
"Hamden Hall School","Non-public","1108 Whitney Avenue","Hamden","06517","South Central","95.0","95.0","95.0","95.0","95.0","95.0","95.0","95.0","95.0","5.0","0.0","5.0"
"Hamden Middle School","Public","2623 Dixwell Ave.","Hamden","06518","South Central","97.2","97.4","96.9","96.9","96.9","96.6","96.9","96.9","95.9","2.1","0.0","2.1"
"Laurel Oaks Adventist School","Non-public","14 West Shepard Avenue","Hamden","06514","South Central","DS","DS","DS","DS","DS","DS","DS","DS","DS","DS","DS","DS"
"St. Rita School","Non-public","1601 Whitney Avenue","Hamden","06517","South Central","91.7","91.7","91.7","91.7","91.7","91.7","91.7","91.7","91.7","8.3","0.0","8.3"
"Bridges Community School","Non-public","376 Hartford Turnpike","Hampton","06247","Northeast CT","DS","DS","DS","DS","DS","DS","DS","DS","DS","DS","DS","DS"
"Achievement First Hartford Academy","Public","305 Greenfield Street","Hartford","06112","Capitol","DNC","DNC","DNC","DNC","DNC","DNC","DNC","DNC","DNC","DNC","DNC","DNC"
"Betances STEM Magnet School","Public","400 Wethersfield Avenue","Hartford","06114","Capitol","100","100","100.0","100.0","100.0","100.0","100.0","100.0","100.0","0.0","0.0","0.0"
"Breakthrough Magnet School, South","Public","290 Brookfield Street","Hartford","06106","Capitol","100","100","100.0","100.0","100.0","100.0","100.0","100.0","100.0","0.0","0.0","0.0"
"Burr Middle School","Public","400 Wethersfield Avenue","Hartford","06114","Capitol","98.5","100.0","100.0","98.5","98.5","98.5","98.5","98.5","95.4","0.0","0.0","0.0"
"Capital Preparatory Magnet School","Public","1304 Main Street","Hartford","06103","Capitol","DNC","DNC","DNC","DNC","DNC","DNC","DNC","DNC","DNC","DNC","DNC","DNC"
"Classical Magnet School","Public","85 Woodland Street","Hartford","06105","Capitol","DS","DS","DS","DS","DS","DS","DS","DS","DS","DS","DS","DS"
"Covenant Preparatory School","Non-public","474 Woodland St","Hartford","06112","Capitol","DS","DS","DS","DS","DS","DS","DS","DS","DS","DS","DS","DS"
"Dwight-Bellizzi Dual Language Academy","Public","215 South Street","Hartford","06114","Capitol","100","100","100.0","100.0","100.0","100.0","100.0","100.0","100.0","0.0","0.0","0.0"
"Eagle House Education Program","Non-public","1680 Albany Avenue","Hartford","06105","Capitol","DS","DS","DS","DS","DS","DS","DS","DS","DS","DS","DS","DS"
"Environmental Sciences Magnet at Hooker School","Public","440 Broadview Terrace","Hartford","06106","Capitol","100","100","100.0","100.0","100.0","100.0","100.0","100.0","100.0","0.0","0.0","0.0"
"Global Communications Academy","Public","85 Edwards Street","Hartford","06112","Capitol","DNC","DNC","DNC","DNC","DNC","DNC","DNC","DNC","DNC","DNC","DNC","DNC"
"Grace Academy","Non-public","457 Main Street","Hartford","06103","Capitol","DS","DS","DS","DS","DS","DS","DS","DS","DS","DS","DS","DS"
"Grace S. Webb School","Non-public","200 Retreat Avenue","Hartford","06106","Capitol","DS","DS","DS","DS","DS","DS","DS","DS","DS","DS","DS","DS"
"Hartford Magnet Trinity College Academy","Public","53 Vernon Street","Hartford","06103","Capitol","98.4","98.4","98.4","98.4","98.4","98.4","98.4","98.4","98.4","0.8","0.8","1.6"
"High Road School of Hartford-Primary","Non-public","757 New Britain Ave","Hartford","06106","Capitol","DS","DS","DS","DS","DS","DS","DS","DS","DS","DS","DS","DS"
"Jumoke Academy","Public","999 Asylum Ave. Suite 200","Hartford","06105","Capitol","DNC","DNC","DNC","DNC","DNC","DNC","DNC","DNC","DNC","DNC","DNC","DNC"
"Kennelly School","Public","180 White Street","Hartford","06114","Capitol","100.0","100.0","100.0","100.0","100.0","100.0","97.3","97.3","97.3","0.0","0.0","0.0"
"Kinsella Magnet School of Performing Arts: PK-8 Campus","Public","65 Van Block Avenue","Hartford","06106","Capitol","100","100","100.0","100.0","100.0","100.0","100.0","100.0","100.0","0.0","0.0","0.0"
"M. L. King, Jr. Middle School","Public","25 Ridgefield Street","Hartford","06112","Capitol","96.4","96.4","96.4","98.2","96.4","96.4","96.4","96.4","96.4","1.8","0.0","1.8"
"McDonough Middle School","Public","111 Hillside Avenue","Hartford","06106","Capitol","DNC","DNC","DNC","DNC","DNC","DNC","DNC","DNC","DNC","DNC","DNC","DNC"
"Milner Middle School","Public","150 Tower Avenue","Hartford","06112","Capitol","100","100","100.0","100.0","100.0","98.9","100.0","100.0","98.9","0.0","0.0","0.0"
"Montessori Magnet at Fisher School","Public","280 Plainfield Street","Hartford","06112","Capitol","DS","DS","DS","DS","DS","DS","DS","DS","DS","DS","DS","DS"
"Northeastern Adventist Academy - Hartford Campus/Covenant Prepatory School","Non-public","474 Woodland Street","Hartford","06112","Capitol","DS","DS","DS","DS","DS","DS","DS","DS","DS","DS","DS","DS"
"Oak Hill School at Hartford","Non-public","120 Holcomb Street","Hartford","06112","Capitol","DS","DS","DS","DS","DS","DS","DS","DS","DS","DS","DS","DS"
"Options Educational Services","Non-public","606 Farmington Avenue","Hartford","06105","Capitol","DNC","DNC","DNC","DNC","DNC","DNC","DNC","DNC","DNC","DNC","DNC","DNC"
"Renzulli Academy","Non-public","121 Cornwall St","Hartford","06112","Capitol","100","100","100.0","100.0","100.0","100.0","100.0","100.0","100.0","0.0","0.0","0.0"
"Sport and Medical Sciences Academy","Public","280 Huyshope Avenue","Hartford","06106","Capitol","100","100","100.0","100.0","100.0","100.0","100.0","100.0","100.0","0.0","0.0","0.0"
"STEM magnet at Annie Fisher","Public","280 Plainfield St","Hartford","06112","Capitol","97.5","97.5","97.5","97.5","97.5","97.5","97.5","97.5","97.5","2.5","0.0","2.5"
"Watkinson School","Non-public","180 Bloomfield Avenue","Hartford","06105","Capitol","DS","DS","DS","DS","DS","DS","DS","DS","DS","DS","DS","DS"
"Webster Micro Society Magnet School","Public","5 Cone Street","Hartford","06105","Capitol","100","100","100.0","100.0","100.0","100.0","100.0","100.0","100.0","0.0","0.0","0.0"
"Hartland School","Public","30 South Rd.","Hartland","06027","Northwest Hills","DS","DS","DS","DS","DS","DS","DS","DS","DS","DS","DS","DS"
"RHAM Middle School","Public","25 Rham Road","Hebron","06248","Capitol","93.8","93.8","92.6","93.8","92.6","93.2","90.7","90.7","88.9","6.2","0.0","6.2"
"Kent Center School","Public","9 Judd Street","Kent","06757","Northwest Hills","DS","DS","DS","DS","DS","DS","DS","DS","DS","DS","DS","DS"
"High Road School Hartford Primary at Windham County","Non-public","95 Westcott Road","Killingly","06239","Northeast CT","DNC","DNC","DNC","DNC","DNC","DNC","DNC","DNC","DNC","DNC","DNC","DNC"
"Killingly Intermediate School","Public","1599 Upper Maple St.","Killingly","06241","Northeast CT","92.9","92.9","92.9","92.9","92.9","92.9","90.2","90.2","90.2","4.9","2.2","7.1"
"St. James School-Danielson","Non-public","120 Water Street","Killingly","06239","Northeast CT","DS","DS","DS","DS","DS","DS","DS","DS","DS","DS","DS","DS"
"Haddam-Killingworth Middle School","Public","451 Route 81","Killingworth","06419","Lower CT River Valley","96.3","96.3","96.3","94.8","96.3","91.0","96.3","96.3","89.6","3.7","0.0","3.7"
"Lebanon Middle School","Public","891 Exeter Rd.","Lebanon","06249","Southeastern CT","90.2","91.8","91.8","91.8","91.8","88.5","82.0","80.3","77.0","8.2","0.0","8.2"
"Ledyard Middle School","Public","1860 Route 12","Ledyard","06335","Southeastern CT","98.2","98.2","98.2","98.2","98.2","98.2","97.6","97.6","97.6","1.8","0.0","1.8"
"Lisbon Central School","Public","15 Newent Rd.","Lisbon","06351","Southeastern CT","97.2","97.2","97.2","97.2","97.2","97.2","97.2","97.2","97.2","2.8","0.0","2.8"
"Connecticut Junior Republic","Non-public","550 Goshen Road","Litchfield","06759","Northwest Hills","DS","DS","DS","DS","DS","DS","DS","DS","DS","DS","DS","DS"
"Plumb Hill Middle School","Public","14 Plumb Hill Road","Litchfield","06759","Northwest Hills","92.3","93.2","93.2","92.3","92.3","93.2","84.6","84.6","82.9","6.8","0.0","6.8"
"Our Lady of Mercy Preparatory Academy","Non-public","20 Island Avenue","Madison","06443","South Central","DS","DS","DS","DS","DS","DS","DS","DS","DS","DS","DS","DS"
"The Country School","Non-public","341 Opening Hill Road","Madison","06443","South Central","DS","DS","DS","DS","DS","DS","DS","DS","DS","DS","DS","DS"
"Walter C. Polson Middle School","Public","302 Green Hill Rd.","Madison","06443","South Central","98.4","98.4","98.4","98.4","97.9","97.9","98.4","98.4","97.4","1.6","0.0","1.6"
"Community Child Guidance Clinic School","Non-public","317 North Main Street","Manchester","06042","Capitol","DS","DS","DS","DS","DS","DS","DS","DS","DS","DS","DS","DS"
"Illing Middle School","Public","227 Middle Tpke E","Manchester","06040","Capitol","99","99","99.0","98.1","98.8","98.8","98.5","98.5","97.3","1.0","0.0","1.0"
"Manchester Middle Academy","Non-public","65 North School St.","Manchester","06042","Capitol","DS","DS","DS","DS","DS","DS","DS","DS","DS","DS","DS","DS"
"Manchester Regional Academy","Public","665 Wetherell St.","Manchester","06040","Capitol","DS","DS","DS","DS","DS","DS","DS","DS","DS","DS","DS","DS"
"New Heights Academy of Manchester","Non-public","71 Haynes Street","Manchester","06040","Capitol","DS","DS","DS","DS","DS","DS","DS","DS","DS","DS","DS","DS"
"Odyssey Community School","Public","579 Middle Tpke West","Manchester","06040","Capitol","97.5","97.5","97.5","97.5","97.5","97.5","95.0","95.0","95.0","2.5","0.0","2.5"
"St. Bridget School-Manchester","Non-public","74 Main Street","Manchester","06042","Capitol","DS","DS","DS","DS","DS","DS","DS","DS","DS","DS","DS","DS"
"St. James-Manchester","Non-public","73 Park Street","Manchester","06040","Capitol","97.3","97.3","97.3","97.3","97.3","97.3","97.3","97.3","97.3","2.7","0.0","2.7"
"The Cornerstone Christian School","Non-public","236 Main Street","Manchester","06042","Capitol","DS","DS","DS","DS","DS","DS","DS","DS","DS","DS","DS","DS"
"Mansfield Middle School","Public","205 Spring Hill Rd.","Mansfield","06268","Capitol","98.0","98.0","98.0","97.0","96.0","98.0","90.9","92.9","88.9","2.0","0.0","2.0"
"Edison Middle School","Public","1355 North Broad Street","Meriden","06450","South Central","98.9","98.9","98.9","98.9","98.9","98.9","98.9","98.9","98.9","1.1","0.0","1.1"
"Lincoln Middle School","Public","164 Centennial Ave.","Meriden","06450","South Central","99","99","99.0","99.0","99.0","99.0","99.0","99.0","99.0","1.0","0.0","1.0"
"Meliora Academy","Non-public","470 Murdock Avenue Suite 1","Meriden","06450","South Central","DNC","DNC","DNC","DNC","DNC","DNC","DNC","DNC","DNC","DNC","DNC","DNC"
"MidState Christian Academy","Non-public","139 Charles Street","Meriden","06450","South Central","DS","DS","DS","DS","DS","DS","DS","DS","DS","DS","DS","DS"
"Venture Academy","Non-public","883 Paddock Avenue","Meriden","06450","South Central","DS","DS","DS","DS","DS","DS","DS","DS","DS","DS","DS","DS"
"Washington Middle School","Public","1225 North Broad St.","Meriden","06450","South Central","99.4","99.4","99.4","99.4","98.8","98.2","99.4","99.4","98.2","0.6","0.0","0.6"
"Memorial Middle School","Public","1 Memorial Dr","Middlebury","06762","Naugatuck Valley","98.6","98.6","98.6","98.6","98.6","98.6","98.6","98.6","98.6","1.4","0.0","1.4"
"The Independent Day School","Non-public","115 Laurel Brook Road","Middlefield","06455","Lower CT River Valley","DS","DS","DS","DS","DS","DS","DS","DS","DS","DS","DS","DS"
"Beman Middle School","Public","1 Wilderman's Way","Middletown","06457","Lower CT River Valley","96.2","96.2","96.2","96.2","96.2","95.7","96.5","96.5","95.4","1.7","0.0","1.7"
"Queen of the Apostles Preparatory Academy","Non-public","151 Broad ST","Middletown","06457","Lower CT River Valley","DNC","DNC","DNC","DNC","DNC","DNC","DNC","DNC","DNC","DNC","DNC","DNC"
"Rushford Day School","Non-public","100 Roscommon Drive, Suite LL30","Middletown","06457","Lower CT River Valley","DNC","DNC","DNC","DNC","DNC","DNC","DNC","DNC","DNC","DNC","DNC","DNC"
"St. John Paul II","Non-public","87 South Main Street","Middletown","06457","Lower CT River Valley","DS","DS","DS","DS","DS","DS","DS","DS","DS","DS","DS","DS"
"Charles F. Hayden School at Boys & Girls Village","Non-public","528 Wheelers Farms Road","Milford","06461","South Central","DS","DS","DS","DS","DS","DS","DS","DS","DS","DS","DS","DS"
"East Shore Middle School","Public","240 Chapel St.","Milford","06460","South Central","98.0","98.0","98.0","98.0","98.0","98.0","98.0","98.0","98.0","2.0","0.0","2.0"
"Harborside Middle School","Public","175 High St.","Milford","06460","South Central","95.6","95.6","95.6","95.6","95.6","95.6","95.6","95.6","95.6","4.4","0.0","4.4"
"Milestones Behavioral Services-Milford","Public","95 Wolf Harbor Rd","Milford","06461","South Central","DS","DS","DS","DS","DS","DS","DS","DS","DS","DS","DS","DS"
"Milford Christian Academy","Non-public","989 New Haven Avenue","Milford","06460","South Central","DNC","DNC","DNC","DNC","DNC","DNC","DNC","DNC","DNC","DNC","DNC","DNC"
"St. Mary School-Milford","Non-public","72 Gulf Street","Milford","06460","South Central","80.0","80.0","80.0","80.0","80.0","80.0","80.0","80.0","80.0","16.7","3.3","20.0"
"West Shore Middle School","Public","70 Kay Ave.","Milford","06460","South Central","97.0","97.0","97.0","97.0","97.0","97.0","97.0","97.0","97.0","3.0","0.0","3.0"
"Woodhouse Academy","Non-public","4 Oxford Road, Building F","Milford","06460","South Central","DS","DS","DS","DS","DS","DS","DS","DS","DS","DS","DS","DS"
"Jockey Hollow School","Public","365 Fan Hill Rd.","Monroe","06468","Greater Bridgeport","94.0","94.0","94.0","94.0","94.0","94.0","92.5","92.5","92.5","5.7","0.4","6.0"
"Bradley School-New London Regional","Non-public","26 Maple Avenue","Montville","06382","Southeastern CT","DNC","DNC","DNC","DNC","DNC","DNC","DNC","DNC","DNC","DNC","DNC","DNC"
"Leonard J. Tyl Middle School","Public","166 Chesterfield Rd.","Montville","06370","Southeastern CT","98.2","98.2","98.2","98.2","98.2","98.2","98.2","98.2","98.2","1.8","0.0","1.8"
"St. Bernard High School","Non-public","1593 Norwich-New London Tpke","Montville","06382","Southeastern CT","100","100","100.0","100.0","100.0","100.0","100.0","100.0","100.0","0.0","0.0","0.0"
"City Hill Middle School","Public","441 City Hill St.","Naugatuck","06770","Naugatuck Valley","97.3","97.3","97.3","97.3","96.9","96.9","97.3","97.3","96.6","2.4","0.3","2.7"
"Academy of Science and Innovation","Non-public","600 Slater Road","New Britain","06053","Capitol","98.3","94.9","98.3","99.1","98.3","99.1","94.9","97.4","94.9","0.0","0.0","0.0"
"Brown-Springer Academic Center","Public","505 South Main St","New Britain","06051","Capitol","DS","DS","DS","DS","DS","DS","DS","DS","DS","DS","DS","DS"
"DiLoreto Elementary & Middle School","Public","732 Slater Rd.","New Britain","06053","Capitol","97.8","98.9","93.5","96.7","93.5","97.8","83.7","82.6","75.0","1.1","0.0","1.1"
"Hospital for Special Care","Non-public","2150 Corbin Avenue","New Britain","06053","Capitol","DNC","DNC","DNC","DNC","DNC","DNC","DNC","DNC","DNC","DNC","DNC","DNC"
"Pulaski Middle School","Public","757 Farmington Ave.","New Britain","06053","Capitol","96.0","96.3","96.0","96.0","95.7","95.3","84.6","83.6","81.3","3.7","0.0","3.7"
"Queen of the Apostles Preparatory Academy, Inc.","Non-public","30 Pendleton Rd","New Britain","06053","Capitol","DNC","DNC","DNC","DNC","DNC","DNC","DNC","DNC","DNC","DNC","DNC","DNC"
"Raymond Hill School","Non-public","345 Linwood Street","New Britain","06052","Capitol","DNC","DNC","DNC","DNC","DNC","DNC","DNC","DNC","DNC","DNC","DNC","DNC"
"Roosevelt Campus","Non-public","40 Goodwin St","New Britain","06051","Capitol","100","100","100.0","100.0","100.0","100.0","100.0","100.0","100.0","0.0","0.0","0.0"
"Slade Middle School","Public","183 Steele St.","New Britain","06052","Capitol","98.7","98.7","98.7","97.8","98.1","97.2","91.5","91.8","89.7","1.3","0.0","1.3"
"Solterra Academy","Non-public","300 John Downey Drive","New Britain","06051","Capitol","DNC","DNC","DNC","DNC","DNC","DNC","DNC","DNC","DNC","DNC","DNC","DNC"
"The Catalyst Academy","Public","183 Steele St.","New Britain","06052","Capitol","DS","DS","DS","DS","DS","DS","DS","DS","DS","DS","DS","DS"
"New Canaan Country School","Non-public","635 Frogtown Road","New Canaan","06840","Western CT","94.6","94.6","94.6","94.6","94.6","94.6","94.6","94.6","94.6","3.6","1.8","5.4"
"Saxe Middle School","Public","468 South Ave.","New Canaan","06840","Western CT","96.6","96.6","96.6","96.6","96.6","96.6","96.6","96.6","96.6","3.1","0.3","3.4"
"St. Luke School","Non-public","377 North Wilton Rd","New Canaan","06840","Western CT","100","100","100.0","100.0","100.0","100.0","100.0","100.0","100.0","0.0","0.0","0.0"
"New Fairfield Middle School","Public","56 Gillotti Rd.","New Fairfield","06812","Western CT","99.3","99.3","99.3","99.3","99.3","98.6","99.3","99.3","97.8","0.7","0.0","0.7"
"Montessori School of Greater Hartford - New Hartford","Non-public","741 Steele Rd","New Hartford","06057","Northwest Hills","DS","DS","DS","DS","DS","DS","DS","DS","DS","DS","DS","DS"
"All Saints Catholics Academy","Non-public","423 Ferry Street","New Haven","06513","South Central","DS","DS","DS","DS","DS","DS","DS","DS","DS","DS","DS","DS"
"Amistad Academy","Public","130 Edgewood Avenue","New Haven","06511","South Central","99","99","99.0","99.0","99.0","99.0","99.0","99.0","99.0","1.0","0.0","1.0"
"ATLAS Middle School","Non-public","100 Audubon Street","New Haven","06510","South Central","DS","DS","DS","DS","DS","DS","DS","DS","DS","DS","DS","DS"
"Augusta Lewis Troup School","Public","259 Edgewood Ave.","New Haven","06511","South Central","97.4","97.4","100.0","97.4","94.9","94.9","100.0","100.0","94.9","0.0","0.0","0.0"
"Barnard Environmental Magnet School","Public","170 Derby Ave.","New Haven","06511","South Central","95.7","95.7","95.7","95.7","95.7","95.7","95.7","95.7","95.7","2.1","0.0","2.1"
"Beecher School","Public","100 Jewel Street","New Haven","06511","South Central","95.9","95.9","95.9","95.9","95.9","95.9","95.9","93.9","93.9","4.1","0.0","4.1"
"Benjamin Jepson Magnet School","Public","15 Lexington Ave.","New Haven","06513","South Central","100","100","100.0","100.0","100.0","100.0","100.0","100.0","100.0","0.0","0.0","0.0"
"Betsy Ross Arts and Design Academy","Public","150 Kimberly Ave.","New Haven","06519","South Central","98.9","98.9","98.9","98.9","98.9","98.9","98.9","97.7","97.7","0.0","1.1","1.1"
"Bishop Woods Architecture and Design Magnet School","Public","1481 Quinnipiac Avenue","New Haven","06513","South Central","100","100","100.0","100.0","100.0","100.0","100.0","100.0","100.0","0.0","0.0","0.0"
"Booker T. Washington Academy","Public","804 State Street","New Haven","06511","South Central","100.0","100.0","100.0","100.0","100.0","100.0","93.0","93.0","93.0","0.0","0.0","0.0"
"Celentano BioTech, Health and Medical Magnet School","Public","400 Canner Street","New Haven","06511","South Central","100","100","100.0","100.0","100.0","100.0","100.0","100.0","100.0","0.0","0.0","0.0"
"Clinton Avenue School","Public","293 Clinton Ave.","New Haven","06513","South Central","98.1","98.1","98.1","98.1","98.1","98.1","98.1","98.1","98.1","0.0","1.9","1.9"
"Conte/West Hills Magnet School","Public","511 Chapel St.","New Haven","06511","South Central","100","100","100.0","100.0","100.0","100.0","100.0","100.0","100.0","0.0","0.0","0.0"
"Davis Academy for Arts & Design Innovation","Public","35 Davis St.","New Haven","06515","South Central","100","100","100.0","100.0","100.0","100.0","100.0","100.0","100.0","0.0","0.0","0.0"
"East Rock Community Magnet School","Public","133 Nash St.","New Haven","06511","South Central","100","100","100.0","100.0","100.0","100.0","100.0","100.0","100.0","0.0","0.0","0.0"
"Edgewood School","Public","737 Edgewood Ave.","New Haven","06515","South Central","100","100","100.0","100.0","100.0","100.0","100.0","100.0","100.0","0.0","0.0","0.0"
"Elizabeth Ives School for Special Children, Inc.","Non-public","70 State St","New Haven","06511","South Central","DS","DS","DS","DS","DS","DS","DS","DS","DS","DS","DS","DS"
"Elm City College Preparatory School-9-12","Public","407 James Street","New Haven","06513","South Central","98.5","98.5","98.5","98.5","98.5","98.5","98.5","98.5","98.5","1.5","0.0","1.5"
"Elm City Montessori School","Public","495 Blake Street","New Haven","06515","South Central","DS","DS","DS","DS","DS","DS","DS","DS","DS","DS","DS","DS"
"Fair Haven School","Public","164 Grand Ave.","New Haven","06513","South Central","100","100","100.0","100.0","98.9","98.9","100.0","100.0","98.9","0.0","0.0","0.0"
"Family Academy of Multilingual Exploration","Public","255 Blatchley Ave.","New Haven","06513","South Central","100.0","100.0","100.0","100.0","100.0","100.0","97.6","97.6","97.6","0.0","0.0","0.0"
"Highville Charter School","Public","1 Science Park","New Haven","06511","South Central","100","100","100.0","100.0","100.0","100.0","100.0","100.0","100.0","0.0","0.0","0.0"
"Hill Central Music Academy","Public","140 Dewitt St.","New Haven","06519","South Central","98.1","98.1","98.1","98.1","98.1","98.1","98.1","98.1","98.1","1.9","0.0","1.9"
"Hopkins School","Non-public","986 Forest Road","New Haven","06515","South Central","98.6","98.6","98.6","98.6","98.6","98.6","98.6","98.6","98.6","0.0","0.0","0.0"
"John C. Daniels","Public","569 Congress Ave.","New Haven","06519","South Central","DNC","DNC","DNC","DNC","DNC","DNC","DNC","DNC","DNC","DNC","DNC","DNC"
"John S. Martinez Sea and Sky STEM School","Public","100 James St.","New Haven","06513","South Central","100","100","100.0","100.0","100.0","100.0","100.0","100.0","100.0","0.0","0.0","0.0"
"King/Robinson Magnet School","Public","150 Fournier St.","New Haven","06511","South Central","DNC","DNC","DNC","DNC","DNC","DNC","DNC","DNC","DNC","DNC","DNC","DNC"
"Mauro-Sheridan Magnet School","Public","191 Fountain St.","New Haven","06515","South Central","100","100","100.0","100.0","100.0","100.0","100.0","100.0","100.0","0.0","0.0","0.0"
"Nathan Hale School","Public","480 Townsend Ave.","New Haven","06512","South Central","100.0","100.0","100.0","100.0","100.0","100.0","98.1","94.3","94.3","0.0","0.0","0.0"
"Roberto Clemente Leadership Academy for Global Awareness","Public","360 Columbus Avenue","New Haven","06519","South Central","100","100","100.0","100.0","100.0","100.0","100.0","100.0","100.0","0.0","0.0","0.0"
"Ross/Woodward School","Public","185 Barnes Ave.","New Haven","06513","South Central","100","100","100.0","100.0","100.0","100.0","98.2","100.0","98.2","0.0","0.0","0.0"
"St. Martin de Porres Academy-New Haven","Non-public","208 Columbus Avenue","New Haven","06519","South Central","DS","DS","DS","DS","DS","DS","DS","DS","DS","DS","DS","DS"
"The Cheder","Non-public","342 Ellsworth Ave","New Haven","06511","South Central","DNC","DNC","DNC","DNC","DNC","DNC","DNC","DNC","DNC","DNC","DNC","DNC"
"The Foote School","Non-public","50 Loomis Place","New Haven","06511","South Central","97.1","97.1","97.1","97.1","97.1","97.1","97.1","97.1","97.1","2.9","0.0","2.9"
"Truman School","Public","114 Truman St.","New Haven","06519","South Central","100.0","100.0","100.0","100.0","100.0","100.0","100.0","92.9","92.9","0.0","0.0","0.0"
"Wexler/Grant - Lincoln/Bassett Community School","Public","130 Bassett St.","New Haven","06511","South Central","DNC","DNC","DNC","DNC","DNC","DNC","DNC","DNC","DNC","DNC","DNC","DNC"
"WG Academy of Exploration and Innovation","Non-public","55 Foote St.","New Haven","06511","South Central","DS","DS","DS","DS","DS","DS","DS","DS","DS","DS","DS","DS"
"Worthington Hooker School","Public","180 Canner St.","New Haven","06511","South Central","100","97.7","100.0","100.0","100.0","100.0","100.0","100.0","97.7","0.0","0.0","0.0"
"Bennie Dover Jackson Middle School","Public","36 Waller St.","New London","06320","Southeastern CT","98.6","98.6","98.6","98.6","97.9","95.9","94.5","91.7","89.0","0.7","0.7","1.4"
"Interdistrict School For Arts And Communication","Public","190 Governor Winthrop Blvd.","New London","06320","Southeastern CT","95.7","95.7","95.7","95.7","95.7","95.7","93.5","93.5","93.5","4.3","0.0","4.3"
"New London High School","Public","20 Chester Street","New London","06320","Southeastern CT","100.0","100.0","98.5","100.0","98.5","100.0","94.0","94.0","94.0","0.0","0.0","0.0"
"Ocean Avenue Learning Academy","Non-public","660 Ocean Avenue","New London","06320","Southeastern CT","DS","DS","DS","DS","DS","DS","DS","DS","DS","DS","DS","DS"
"St. Joseph-New London","Non-public","25 Squire Street","New London","06320","Southeastern CT","DS","DS","DS","DS","DS","DS","DS","DS","DS","DS","DS","DS"
"The Williams School","Non-public","182 Mohegan Avenue","New London","06320","Southeastern CT","DS","DS","DS","DS","DS","DS","DS","DS","DS","DS","DS","DS"
"Faith Preparatory School","Non-public","600 Danbury Rd.,Suite 2","New Milford","06776","Western CT","DS","DS","DS","DS","DS","DS","DS","DS","DS","DS","DS","DS"
"Schaghticoke Middle School","Public","23 Hipp Rd.","New Milford","06776","Western CT","96.3","96.3","96.3","96.3","96.3","96.3","96.3","96.3","96.3","3.4","0.4","3.7"
"Emmanuel Christian Academy","Non-public","569 Maple Hill Avenue","Newington","06111","Capitol","DS","DS","DS","DS","DS","DS","DS","DS","DS","DS","DS","DS"
"John Wallace Middle School","Public","71 Halleran Drive","Newington","06111","Capitol","98.3","98.3","98.3","98.3","98.3","98.3","98.3","98.3","98.3","1.7","0.0","1.7"
"Martin Kellogg Middle School","Public","155 Harding Avenue","Newington","06111","Capitol","98.8","98.8","98.8","98.8","98.8","98.8","98.2","98.8","98.2","1.2","0.0","1.2"
"Fraser Woods Montessori School","Non-public","173 South Main Street","Newtown","06470","Western CT","DS","DS","DS","DS","DS","DS","DS","DS","DS","DS","DS","DS"
"Housatonic Valley Waldorf School","Non-public","40 Dodgingtown Road","Newtown","06470","Western CT","DS","DS","DS","DS","DS","DS","DS","DS","DS","DS","DS","DS"
"Newtown Middle School","Public","11 Queen St.","Newtown","06470","Western CT","98.6","98.6","98.6","98.6","98.6","98.6","98.6","98.6","98.6","1.0","0.3","1.4"
"St. Rose of Lima","Non-public","40 Church Hill Road","Newtown","06470","Western CT","DS","DS","DS","DS","DS","DS","DS","DS","DS","DS","DS","DS"
"North Branford Intermediate School","Public","654 Foxon Rd.","North Branford","06471","South Central","96.5","97.4","97.4","97.4","97.4","96.5","96.5","95.6","93.9","2.6","0.0","2.6"
"North Canaan Elementary School","Public","90 Pease Street, P.O. Box 758","North Canaan","06018","Northwest Hills","DS","DS","DS","DS","DS","DS","DS","DS","DS","DS","DS","DS"
"ACES Mill Road School","Non-public","295 Mill Road","North Haven","06473","South Central","DS","DS","DS","DS","DS","DS","DS","DS","DS","DS","DS","DS"
"North Haven Middle School","Public","55 Bailey Rd.","North Haven","06473","South Central","96.3","96.7","96.7","96.7","96.7","96.7","81.7","81.7","81.7","3.3","0.0","3.3"
"Village School","Non-public","31 Temple St.","North Haven","06473","South Central","DS","DS","DS","DS","DS","DS","DS","DS","DS","DS","DS","DS"
"Cornerstone Baptist Academy","Non-public","5 Rocky Hollow Road","North Stonington","06359","Southeastern CT","DS","DS","DS","DS","DS","DS","DS","DS","DS","DS","DS","DS"
"North Stonington Christian Academy","Non-public","12 Stillman Road","North Stonington","06359","Southeastern CT","DS","DS","DS","DS","DS","DS","DS","DS","DS","DS","DS","DS"
"Wheeler Middle.High School","Public","297 Norwich/Westerly Rd.","North Stonington","06359","Southeastern CT","100.0","100.0","100.0","100.0","100.0","100.0","98.1","98.1","98.1","0.0","0.0","0.0"
"All Saints Catholic School","Non-public","139 West Rocks Road","Norwalk","06851","Western CT","95.1","95.1","95.1","95.1","95.1","95.1","92.7","92.7","92.7","4.9","0.0","4.9"
"Breakaway Academy","Non-public","300 Wilson","Norwalk","06854","Western","DNC","DNC","DNC","DNC","DNC","DNC","DNC","DNC","DNC","DNC","DNC","DNC"
"Concord Magnet School","Public","21 Hunters Lane","Norwalk","06850","Western CT","95.6","95.6","95.6","95.6","95.6","95.6","95.6","95.6","95.6","4.4","0.0","4.4"
"High Road School of Fairfield County","Non-public","17 North Avenue","Norwalk","06851","Western CT","DS","DS","DS","DS","DS","DS","DS","DS","DS","DS","DS","DS"
"Nathan Hale Middle School","Public","176 Strawberry Hill Avenue","Norwalk","06851","Western CT","84.7","84.7","84.7","84.7","84.7","84.7","84.7","84.7","84.7","0.6","0.0","0.6"
"Ponus Ridge Middle School","Public","21 Hunters Lane","Norwalk","06850","Western CT","98.6","94.9","98.2","98.6","98.6","98.2","98.6","94.5","93.5","1.4","0.0","1.4"
"REGINA PACIS ACADEMY","Non-public","8 Leonard St","Norwalk","06850","Western CT","DS","DS","DS","DS","DS","DS","DS","DS","DS","DS","DS","DS"
"Roton Middle School","Public","201 Highland Avenue","Norwalk","06853","Western CT","98.8","98.8","98.8","98.8","98.8","98.8","98.2","98.2","98.2","1.2","0.0","1.2"
"Side By Side Charter School","Public","10 Chestnut St.","Norwalk","06854","Western CT","DS","DS","DS","DS","DS","DS","DS","DS","DS","DS","DS","DS"
"West Rocks Middle School","Public","81 West Rocks Road","Norwalk","06851","Western CT","99.0","96.1","99.0","98.0","98.5","98.5","96.1","95.1","93.7","0.5","0.5","1.0"
"Winston Preparatory School","Non-public","57  West Rocks Road","Norwalk","06851","Western","DNC","DNC","DNC","DNC","DNC","DNC","DNC","DNC","DNC","DNC","DNC","DNC"
"Integrated Day Charter School","Public","68 Thermos Ave.","Norwich","06360","Southeastern CT","95.3","95.3","95.3","95.3","93.0","95.3","72.1","72.1","69.8","4.7","0.0","4.7"
"Kelly STEAM Magnet Middle School","Public","25 Mahan Dr.","Norwich","06360","Southeastern CT","97.7","97.7","97.7","97.7","97.7","97.7","97.7","97.7","97.7","2.3","0.0","2.3"
"Sacred Heart School-Taftville","Non-public","15 Hunters Avenue","Norwich","06380","Southeastern CT","DS","DS","DS","DS","DS","DS","DS","DS","DS","DS","DS","DS"
"St. Patrick Cathedral School","Non-public","211 Broadway","Norwich","06360","Southeastern CT","DS","DS","DS","DS","DS","DS","DS","DS","DS","DS","DS","DS"
"Teachers' Memorial Middle School","Public","15 Teachers Dr.","Norwich","06360","Southeastern CT","98.4","92.8","97.6","98.4","98.4","96.8","92.0","91.2","89.6","0.8","0.8","1.6"
"Wildwood Christian","Non-public","35 Wawecus Hill Road","Norwich","06360","Southeastern CT","DS","DS","DS","DS","DS","DS","DS","DS","DS","DS","DS","DS"
"Lyme-Old Lyme Middle School","Public","53 Lyme St.","Old Lyme","06371","Lower CT River Valley","97.6","97.6","97.6","97.6","97.6","97.6","97.6","97.6","97.6","2.4","0.0","2.4"
"Old Saybrook Middle School","Public","60 Sheffield St.","Old Saybrook","06475","Lower CT River Valley","98.8","98.8","98.8","98.8","98.8","98.8","98.8","98.8","98.8","1.2","0.0","1.2"
"St. John Catholic School","Non-public","42 Maynard Road","Old Saybrook","06475","Lower CT River Valley","DS","DS","DS","DS","DS","DS","DS","DS","DS","DS","DS","DS"
"Amity Middle School: Orange","Public","100 Ohman Ave.","Orange","06477","South Central","94.3","94.3","94.3","94.3","94.3","94.3","94.3","94.3","94.3","5.2","0.6","5.7"
"Hope Academy","Non-public","89 Marsh Hill Road","Orange","06477","South Central","DS","DS","DS","DS","DS","DS","DS","DS","DS","DS","DS","DS"
"Southern Connecticut Hebrew Academy","Public","261 Derby Avenue","Orange","06477","South Central","DS","DS","DS","DS","DS","DS","DS","DS","DS","DS","DS","DS"
"The Foundation School-Orange","Non-public","719 Derby Milford Road","Orange","06477","South Central","DNC","DNC","DNC","DNC","DNC","DNC","DNC","DNC","DNC","DNC","DNC","DNC"
"Oxford Middle School","Public","40 Great Oak Rd.","Oxford","06478","Naugatuck Valley","92.1","93.7","90.5","92.1","90.5","93.7","87.3","88.9","83.3","5.6","0.0","5.6"
"Plainfield Central School","Public","75 Canterbury Rd.","Plainfield","06374","Northeast CT","99.2","99.2","99.2","99.2","99.2","99.2","90.1","90.1","90.1","0.8","0.0","0.8"
"Middle School of Plainville","Public","150 Northwest Dr.","Plainville","06062","Capitol","90.1","90.1","90.1","90.1","90.1","90.1","90.1","90.1","90.1","9.9","0.0","9.9"
"Northwest Village School/Wheeler Clinic","Public","91 Northwest Drive","Plainville","06062","Capitol","DS","DS","DS","DS","DS","DS","DS","DS","DS","DS","DS","DS"
"Eli Terry Jr. Middle School","Public","21 North Main Street","Plymouth","06786","Naugatuck Valley","96.5","96.5","96.5","96.5","96.5","96.5","94.7","94.7","94.7","3.5","0.0","3.5"
"Pomfret Community School","Public","20 Pomfret St.","Pomfret","06259","Northeast CT","92.7","92.7","92.7","92.7","92.7","92.7","87.8","87.8","87.8","4.9","2.4","7.3"
"Rectory School","Non-public","528 Pomfret Street","Pomfret","06258","Northeast CT","80.6","97.2","91.7","97.2","91.7","97.2","72.2","77.8","72.2","0.0","2.8","2.8"
"Portland Middle School","Public","93 High Street","Portland","06480","Lower CT River Valley","97.2","98.1","98.1","97.2","98.1","97.2","94.4","95.4","92.6","1.9","0.0","1.9"
"Preston Plains School","Public","1 Route 164","Preston","06365","Southeastern CT","100.0","100.0","100.0","100.0","100.0","100.0","100.0","98.0","98.0","0.0","0.0","0.0"
"Long River Middle School","Public","38 Columbia Ave.","Prospect","06712","Naugatuck Valley","94.2","94.2","94.2","94.2","94.2","94.2","93.6","93.6","93.6","5.1","0.6","5.8"
"Putnam Middle School","Public","35 Wicker St.","Putnam","06260","Northeast CT","99.0","99.0","99.0","99.0","99.0","99.0","88.9","86.9","86.9","1.0","0.0","1.0"
"John Read Middle School","Public","486 Redding Road","Redding","06896","Western CT","96.7","96.7","96.7","96.7","96.7","96.7","96.7","96.7","96.7","3.3","0.0","3.3"
"East Ridge Middle School","Public","10 East Ridge Rd.","Ridgefield","06877","Western CT","95.7","95.7","95.7","95.7","95.1","95.1","88.9","87.0","85.8","4.3","0.0","4.3"
"Ridgefield Academy","Non-public","223 West Mountain Road","Ridgefield","06877","Western CT","DS","DS","DS","DS","DS","DS","DS","DS","DS","DS","DS","DS"
"Scotts Ridge Middle School","Public","750 North Salem Rd.","Ridgefield","06877","Western CT","96.9","96.9","96.9","96.9","96.9","96.9","87.6","87.0","86.5","3.1","0.0","3.1"
"St. Mary School - Ridgefield","Non-public","183 High Ridge Avenue","Ridgefield","06877","Western CT","DS","DS","DS","DS","DS","DS","DS","DS","DS","DS","DS","DS"
"Albert D. Griswold Middle School","Public","144 Bailey Rd.","Rocky Hill","06067","Capitol","97.6","98.1","98.1","98.1","98.1","98.1","98.1","98.1","97.6","1.9","0.0","1.9"
"Hubbard Day School North","Non-public","525 Brook Street","Rocky Hill","06067","Capitol","DNC","DNC","DNC","DNC","DNC","DNC","DNC","DNC","DNC","DNC","DNC","DNC"
"Salem Elementary School","Public","200 Hartford Rd.","Salem","06420","Southeastern CT","100","100","100.0","100.0","100.0","100.0","100.0","100.0","100.0","0.0","0.0","0.0"
"Indian Mountain School","Non-public","211 Indian Mountain Road","Salisbury","06039","Northwest Hills","DNC","DNC","DNC","DNC","DNC","DNC","DNC","DNC","DNC","DNC","DNC","DNC"
"Salisbury Central School","Public","45 Lincoln City Road, P.O. Box 1808","Salisbury","06039","Northwest Hills","DS","DS","DS","DS","DS","DS","DS","DS","DS","DS","DS","DS"
"Seymour Middle","Public","211 Mountain Rd.","Seymour","06483","Naugatuck Valley","97.6","97.6","97.6","97.6","97.6","97.6","93.9","93.9","93.3","1.8","0.6","2.4"
"Sharon Center School","Public","80 Hilltop Road","Sharon","06069","Northwest Hills","DS","DS","DS","DS","DS","DS","DS","DS","DS","DS","DS","DS"
"Intermediate School","Public","675 Constitution Blvd.","Shelton","06484","Naugatuck Valley","96.4","96.4","96.4","96.4","96.4","96.4","96.4","96.4","96.4","3.6","0.0","3.6"
"Sherman School","Public","2 Route 37 East","Sherman","06784","Western CT","DS","DS","DS","DS","DS","DS","DS","DS","DS","DS","DS","DS"
"Henry James Memorial School","Public","155 Firetown Rd.","Simsbury","06070","Capitol","99.7","100","100.0","99.7","99.7","99.7","99.4","99.4","99.4","0.0","0.0","0.0"
"St. Mary - Simsbury","Non-public","946 Hopmeadow Street","Simsbury","06070","Capitol","DS","DS","DS","DS","DS","DS","DS","DS","DS","DS","DS","DS"
"The Ethel Walker School","Non-public","230 Bushy Hill Road","Simsbury","06070","Capitol","DNC","DNC","DNC","DNC","DNC","DNC","DNC","DNC","DNC","DNC","DNC","DNC"
"The Master's School","Non-public","36 Westledge Road","Simsbury","06092","Capitol","DS","DS","DS","DS","DS","DS","DS","DS","DS","DS","DS","DS"
"Mabelle B. Avery Middle School","Public","1 Vision Boulevard","Somers","06071","Capitol","91.9","91.9","91.9","91.9","91.9","91.9","70.3","70.3","64.0","7.2","0.9","8.1"
"Timothy Edwards School","Public","100 Arnold Way","South Windsor","06074","Capitol","97.5","96.8","97.7","97.5","97.3","97.7","96.8","97.1","96.6","2.3","0.0","2.3"
"Rochambeau Middle School","Public","100 Peter Rd.","Southbury","06488","Naugatuck Valley","97.2","97.2","97.2","97.2","97.2","97.2","97.2","97.2","97.2","2.8","0.0","2.8"
"Central Christian Academy","Non-public","1505 West Street","Southington","06489","Capitol","DNC","DNC","DNC","DNC","DNC","DNC","DNC","DNC","DNC","DNC","DNC","DNC"
"John F. Kennedy Middle School","Public","1071 South Main Street","Southington","06479","Capitol","97.6","97.6","97.6","97.6","97.6","97.6","97.6","97.6","97.6","2.4","0.0","2.4"
"Joseph A. Depaolo Middle School","Public","385 Pleasant St.","Southington","06489","Capitol","96.7","96.7","96.3","96.7","96.3","96.7","96.3","96.3","96.3","2.8","0.5","3.3"
"St. Luke Catholic School","Non-public","133 Bristol Street","Southington","06489","Capitol","DS","DS","DS","DS","DS","DS","DS","DS","DS","DS","DS","DS"
"Sayles School","Public","25 Scotland Road","Sprague","06330","Southeastern CT","96.8","96.8","96.8","96.8","96.8","96.8","93.5","93.5","93.5","3.2","0.0","3.2"
"St. Joseph School-Baltic","Non-public","10 School Hill Road","Sprague","06330","Southeastern CT","DS","DS","DS","DS","DS","DS","DS","DS","DS","DS","DS","DS"
"Stafford Middle School","Public","21 Levinthal Run","Stafford","06076","Capitol","87.9","87.9","87.9","87.9","87.9","87.9","87.9","86.9","86.9","12.1","0.0","12.1"
"Bi-Cultural Hebrew Academy of Connecticut","Non-public","2186 High Ridge Road","Stamford","06903","Western CT","DS","DS","DS","DS","DS","DS","DS","DS","DS","DS","DS","DS"
"Cardinal Kung Academy","Non-public","948 Newfield Avenue","Stamford","06905","Western CT","DS","DS","DS","DS","DS","DS","DS","DS","DS","DS","DS","DS"
"Catholic Academy of Stamford","Non-public","1186 Newfield Avenue","Stamford","06905","Western CT","DS","DS","DS","DS","DS","DS","DS","DS","DS","DS","DS","DS"
"Cloonan School","Public","11 West North St.","Stamford","06902","Western CT","98.8","98.8","98.8","98.8","98.8","98.8","98.8","98.8","98.8","1.2","0.0","1.2"
"Dolan School","Public","51 Toms Rd.","Stamford","06906","Western CT","97.5","97.5","97.5","97.5","97.5","97.5","97.5","97.0","97.0","2.5","0.0","2.5"
"Fusion Academy Greenwich","Non-public","66 Gatehouse Road","Stamford","06902","Western CT","DS","DS","DS","DS","DS","DS","DS","DS","DS","DS","DS","DS"
"Hubbard Day School","Non-public","68 Southfield Avenue","Stamford","06902","Western CT","DS","DS","DS","DS","DS","DS","DS","DS","DS","DS","DS","DS"
"King School, Inc.","Non-public","1450 Newfield Avenue","Stamford","06905","Western CT","100","100","100.0","100.0","100.0","100.0","98.2","100.0","98.2","0.0","0.0","0.0"
"Mater Salvatoris College Preparatory School","Non-public","926 Newfield Avenue","Stamford","06905","Western CT","DS","DS","DS","DS","DS","DS","DS","DS","DS","DS","DS","DS"
"Mead School","Public","1095 Riverbank Road","Stamford","06903","Western CT","DS","DS","DS","DS","DS","DS","DS","DS","DS","DS","DS","DS"
"Rippowam Middle School","Public","381 High Ridge Rd.","Stamford","06905","Western CT","100","100","100.0","100.0","100.0","100.0","100.0","100.0","100.0","0.0","0.0","0.0"
"Rogers International School","Public","202 Blachley Rd.","Stamford","06902","Western CT","95.7","95.7","95.7","95.7","95.7","95.7","95.7","95.7","95.7","4.3","0.0","4.3"
"Scofield Middle School","Public","641 Scofieldtown Rd.","Stamford","06903","Western CT","95.8","95.8","95.8","95.8","95.8","95.8","94.4","94.4","94.4","4.2","0.0","4.2"
"Stamford Charter School for Excellence","Public","1 Schuyler Ave.","Stamford","06902","Western CT","65.5","65.5","65.5","65.5","65.5","65.5","65.5","65.5","65.5","0.0","0.0","0.0"
"Strawberry Hill an ext. of Rogers International","Public","200 Strawberry Hill Ave.","Stamford","06902","Western CT","92.0","92.0","92.0","92.0","92.0","92.0","92.0","90.8","90.8","6.9","1.1","8.0"
"The Pinnacle School, LLC","Non-public","201 High Ridge Rd","Stamford","06905","Western CT","DS","DS","DS","DS","DS","DS","DS","DS","DS","DS","DS","DS"
"The Spire School","Public","201 High Ridge Rd","Stamford","06905","Western CT","DS","DS","DS","DS","DS","DS","DS","DS","DS","DS","DS","DS"
"Turn of River School","Public","117 Vine Rd.","Stamford","06905","Western CT","96.8","93.7","97.4","96.8","96.8","96.3","94.2","92.6","91.1","1.1","1.1","2.1"
"Villa Maria Education Center","Non-public","161 Sky Meadow Drive","Stamford","06903","Western CT","DS","DS","DS","DS","DS","DS","DS","DS","DS","DS","DS","DS"
"Westover School","Non-public","1237 Whittemore Road","Stamford","06762","Western CT","96.3","96.3","96.3","96.3","96.3","96.3","95.0","95.0","95.0","3.8","0.0","3.8"
"Sterling Community School","Public","251 Sterling Rd.","Sterling","06377","Northeast CT","DS","DS","DS","DS","DS","DS","DS","DS","DS","DS","DS","DS"
"Pine Point School","Non-public","89 Barnes Road","Stonington","06378","Southeastern CT","DS","DS","DS","DS","DS","DS","DS","DS","DS","DS","DS","DS"
"St. Michael School","Non-public","131 West Broad Street","Stonington","06379","Southeastern CT","DS","DS","DS","DS","DS","DS","DS","DS","DS","DS","DS","DS"
"Stonington Middle School","Public","40 Field St.","Stonington","06379","Southeastern CT","97.6","97.6","97.6","97.6","97.6","97.6","97.6","97.6","97.6","2.4","0.0","2.4"
"David Wooster Middle School","Public","150 Lincoln Street","Stratford","06615","Greater Bridgeport","95.8","95.8","95.8","95.1","95.5","95.5","75.8","76.5","73.1","2.3","0.8","3.0"
"Harry B. Flood Middle School","Public","490 Chapel Street","Stratford","06614","Greater Bridgeport","100.0","100.0","100.0","100.0","100.0","100.0","95.7","95.7","95.7","0.0","0.0","0.0"
"St. James School","Non-public","50 Harvey Place","Stratford","06615","Greater Bridgeport","DS","DS","DS","DS","DS","DS","DS","DS","DS","DS","DS","DS"
"St. Mark School","Non-public","500 Wigwam Lane","Stratford","06614","Greater Bridgeport","DS","DS","DS","DS","DS","DS","DS","DS","DS","DS","DS","DS"
"Suffield Middle School","Public","350 Mountain Rd.","Suffield","06078","Capitol","97.4","97.4","97.4","97.4","97.4","97.4","96.8","96.8","96.1","2.6","0.0","2.6"
"Thomaston High School","Public","185 Branch Rd.","Thomaston","06787","Naugatuck Valley","100.0","100.0","100.0","100.0","100.0","100.0","98.4","96.9","95.3","0.0","0.0","0.0"
"Bradley School-Windham County","Non-public","785 Riverside Drive","Thompson","06255","Northeast CT","DNC","DNC","DNC","DNC","DNC","DNC","DNC","DNC","DNC","DNC","DNC","DNC"
"River Run Academy at the Susan Wayne Center of Excellence","Non-public","75 Church Street","Thompson","06277","Northeast CT","DS","DS","DS","DS","DS","DS","DS","DS","DS","DS","DS","DS"
"Thompson Middle School","Public","785 Riverside Dr.","Thompson","06255","Northeast CT","94.4","94.4","94.4","94.4","94.4","94.4","94.4","94.4","94.4","5.6","0.0","5.6"
"Tolland Middle School","Public","1 Falcon Way","Tolland","06084","Capitol","98.0","98.0","98.0","98.0","98.0","98.0","98.0","98.0","98.0","2.0","0.0","2.0"
"St. John Paul the Great Academy","Non-public","360 Prospect Street","Torrington","06790","Northwest Hills","DS","DS","DS","DS","DS","DS","DS","DS","DS","DS","DS","DS"
"Steps Middle and High School","Non-public","215 Hogan Drive","Torrington","06790","Northwest Hills","DS","DS","DS","DS","DS","DS","DS","DS","DS","DS","DS","DS"
"Torrington Christian Academy","Non-public","387 New Harwinton Road","Torrington","06790","Northwest Hills","DNC","DNC","DNC","DNC","DNC","DNC","DNC","DNC","DNC","DNC","DNC","DNC"
"Torrington Middle School","Public","50 Major Besse Drive","Torrington","06790","Northwest Hills","99.4","99.7","99.4","99.7","99.4","99.1","99.7","99.7","99.1","0.0","0.3","0.3"
"Christian Heritage School","Non-public","575 White Plains Road","Trumbull","06611","Greater Bridgeport","80.6","80.6","80.6","80.6","80.6","80.6","80.6","80.6","80.6","19.4","0.0","19.4"
"Cooperative Educational Services","Public","40 Lindeman Drive","Trumbull","06611","Greater Bridgeport","DS","DS","DS","DS","DS","DS","DS","DS","DS","DS","DS","DS"
"Hillcrest Middle School","Public","530 Daniels Farm Rd.","Trumbull","06611","Greater Bridgeport","97.0","97.0","97.0","97.0","97.0","97.0","97.0","97.0","97.0","3.0","0.0","3.0"
"Madison Middle School","Public","4630 Madison Ave.","Trumbull","06611","Greater Bridgeport","96.7","96.7","96.7","96.4","96.7","96.4","96.7","96.7","96.1","2.6","0.7","3.3"
"Merit Academy","Non-public","25 Oakview Dr.","Trumbull","06611","Greater Bridgeport","DNC","DNC","DNC","DNC","DNC","DNC","DNC","DNC","DNC","DNC","DNC","DNC"
"Oakview Middle/High School","Non-public","40 Oakview Dr.","Trumbull","06611","Greater Bridgeport","DNC","DNC","DNC","DNC","DNC","DNC","DNC","DNC","DNC","DNC","DNC","DNC"
"Oakview Primary School","Non-public","40 Oakview Dr.","Trumbull","06611","Greater Bridgeport","DNC","DNC","DNC","DNC","DNC","DNC","DNC","DNC","DNC","DNC","DNC","DNC"
"St. Catherine of Siena","Non-public","190 Shelton Road","Trumbull","06611","Greater Bridgeport","DS","DS","DS","DS","DS","DS","DS","DS","DS","DS","DS","DS"
"St. Theresa","Non-public","55 Rosemond Terrace","Trumbull","06611","Greater Bridgeport","DNC","DNC","DNC","DNC","DNC","DNC","DNC","DNC","DNC","DNC","DNC","DNC"
"St. Vincent's Special Needs School Program","Non-public","95 Merritt Blvd","Trumbull","06611","Greater Bridgeport","DS","DS","DS","DS","DS","DS","DS","DS","DS","DS","DS","DS"
"Park Street Learning Center (PSLC)","Non-public","38 Park Street","Vernon","06066","Capitol","DNC","DNC","DNC","DNC","DNC","DNC","DNC","DNC","DNC","DNC","DNC","DNC"
"Vernon Center Middle School","Public","777 Hartford Tpke.","Vernon","06066","Capitol","97.7","97.7","97.3","97.7","97.3","97.7","97.7","97.7","96.8","1.4","0.5","1.8"
"Voluntown Elementary School","Public","195 Main Street","Voluntown","06384","Northeast CT","DS","DS","DS","DS","DS","DS","DS","DS","DS","DS","DS","DS"
"Benhaven Academy","Non-public","50 North Plains Highway","Wallingford","06492","Western","DNC","DNC","DNC","DNC","DNC","DNC","DNC","DNC","DNC","DNC","DNC","DNC"
"Carver Academy School","Non-public","350 High Hill Rd","Wallingford","06492","South Central","DNC","DNC","DNC","DNC","DNC","DNC","DNC","DNC","DNC","DNC","DNC","DNC"
"Dag Hammarskjold Middle School","Public","106 Pond Hill Road","Wallingford","06492","South Central","98.1","92.0","97.7","98.1","97.2","97.7","92.5","90.1","88.7","1.4","0.0","1.4"
"Heritage Baptist Academy","Non-public","161 South Whittlesey Avenue","Wallingford","06492","South Central","DNC","DNC","DNC","DNC","DNC","DNC","DNC","DNC","DNC","DNC","DNC","DNC"
"High Road Academy - BEST Academy","Non-public","5 Barnes Industrial Road","Wallingford","06492","South Central","DS","DS","DS","DS","DS","DS","DS","DS","DS","DS","DS","DS"
"High Road School of Wallingford","Non-public","29A, 31and 33 Village Lane","Wallingford","06492","South Central","DS","DS","DS","DS","DS","DS","DS","DS","DS","DS","DS","DS"
"Holy Trinity School","Non-public","11 North Whittlesey Avenue","Wallingford","06492","South Central","DS","DS","DS","DS","DS","DS","DS","DS","DS","DS","DS","DS"
"James H. Moran Middle School","Public","141 Hope Hill Road","Wallingford","06492","South Central","95.5","92.7","96.1","95.5","95.5","94.4","93.3","92.7","90.5","3.9","0.0","3.9"
"Devereux Glenholme School","Non-public","81 Sabbaday Lane","Washington","06793","Northwest Hills","DNC","DNC","DNC","DNC","DNC","DNC","DNC","DNC","DNC","DNC","DNC","DNC"
"Rumsey Hall School","Non-public","201 Romford Road","Washington","06794","Northwest Hills","98.0","98.0","98.0","98.0","98.0","91.8","98.0","98.0","91.8","2.0","0.0","2.0"
"Shepaug Valley School","Public","159 South Street","Washington","06793","Northwest Hills","93.2","93.2","93.2","93.2","93.2","93.2","93.2","93.2","93.2","6.8","0.0","6.8"
"Washington Montessori School","Non-public","240 Litchfield Turnpike","Washington","06777","Northwest Hills","DS","DS","DS","DS","DS","DS","DS","DS","DS","DS","DS","DS"
"ACES Chase Academy","Non-public","565 Chase Parkway","Waterbury","06708","Naugatuck Valley","96.1","96.1","96.1","96.1","96.1","96.1","89.0","89.0","89.0","3.9","0.0","3.9"
"Alpha & Omega Christian Academy","Non-public","50 Linden Street","Waterbury","06702","Naugatuck Valley","DNC","DNC","DNC","DNC","DNC","DNC","DNC","DNC","DNC","DNC","DNC","DNC"
"Brass City Charter School","Public","289 Willow St.","Waterbury","06710","Naugatuck Valley","97.5","97.5","97.5","97.5","97.5","97.5","97.5","97.5","97.5","2.5","0.0","2.5"
"Carrington School","Public","24 Kenmore Ave.","Waterbury","06708","Naugatuck Valley","100","100","100.0","100.0","100.0","100.0","100.0","100.0","100.0","0.0","0.0","0.0"
"Catholic Academy of Waterbury","Non-public","386 Robinwood Road","Waterbury","06708","Naugatuck Valley","DS","DS","DS","DS","DS","DS","DS","DS","DS","DS","DS","DS"
"Children's Community School","Non-public","23 John Street","Waterbury","06708","Naugatuck Valley","DS","DS","DS","DS","DS","DS","DS","DS","DS","DS","DS","DS"
"Duggan School","Public","952 Bank Street","Waterbury","06708","Naugatuck Valley","97.5","97.5","97.5","97.5","97.5","97.5","97.5","97.5","97.5","0.0","2.5","2.5"
"Enlightenment School","Non-public","58 Griggs Street","Waterbury","06704","Naugatuck Valley","DS","DS","DS","DS","DS","DS","DS","DS","DS","DS","DS","DS"
"Gilmartin School","Public","107 Wyoming Ave.","Waterbury","06706","Naugatuck Valley","97.9","97.9","97.9","97.9","97.9","97.9","85.1","85.1","85.1","0.0","2.1","2.1"
"Michael F. Wallace Middle School","Public","3465 East Main St.","Waterbury","06705","Naugatuck Valley","99.0","99.0","99.0","98.4","98.4","97.1","89.4","89.1","87.5","1.0","0.0","1.0"
"North End Middle School","Public","534 Bucks Hill Rd.","Waterbury","06704","Naugatuck Valley","99.3","99.7","99.7","99.7","99.7","99.3","92.8","93.1","84.5","0.3","0.0","0.3"
"Our Lady of Mount Carmel-Waterbury","Non-public","645 Congress Avenue","Waterbury","06708","Naugatuck Valley","DS","DS","DS","DS","DS","DS","DS","DS","DS","DS","DS","DS"
"Reed School","Public","33 Griggs Street","Waterbury","06704","Naugatuck Valley","68.1","68.1","68.1","68.1","68.1","68.1","68.1","68.1","68.1","0.0","0.0","0.0"
"State Street School","Public","30 Church Street","Waterbury","06702","Naugatuck Valley","DS","DS","DS","DS","DS","DS","DS","DS","DS","DS","DS","DS"
"Waterbury Arts Magnet School","Public","16 South Elm St.","Waterbury","06706","Naugatuck Valley","99.1","99.1","99.1","99.1","99.1","99.1","99.1","99.1","99.1","0.9","0.0","0.9"
"Wendell L. Cross School","Public","1255 Hamilton Ave.","Waterbury","06706","Naugatuck Valley","98.0","98.0","98.0","98.0","98.0","98.0","98.0","98.0","98.0","2.0","0.0","2.0"
"West Side Middle School","Public","483 Chase Parkway","Waterbury","06708","Naugatuck Valley","100","100","100.0","100.0","100.0","100.0","99.4","99.1","99.1","0.0","0.0","0.0"
"Yeshiva Ktana of Waterbury","Non-public","32 Hillside Ave","Waterbury","06710","Naugatuck Valley","100","100","100.0","100.0","100.0","100.0","100.0","100.0","100.0","0.0","0.0","0.0"
"Baptist Bible Academy","Non-public","1144 Hartford Turnpike","Waterford","06385","Southeastern CT","DNC","DNC","DNC","DNC","DNC","DNC","DNC","DNC","DNC","DNC","DNC","DNC"
"Clark Lane Middle School","Public","105 Clark Ln.","Waterford","06385","Southeastern CT","98.3","98.3","98.3","98.3","98.3","98.3","98.3","98.3","98.3","1.1","0.6","1.7"
"Waterford Country School","Non-public","78 Hunts Brook Road","Waterford","06375","Southeastern CT","DNC","DNC","DNC","DNC","DNC","DNC","DNC","DNC","DNC","DNC","DNC","DNC"
"St. John the Evangelist","Non-public","760 Main Street","Watertown","06795","Naugatuck Valley","DNC","DNC","DNC","DNC","DNC","DNC","DNC","DNC","DNC","DNC","DNC","DNC"
"Swift Middle School","Public","250 Colonial St.","Watertown","06779","Naugatuck Valley","97.9","97.9","97.9","97.9","97.9","97.9","97.9","97.9","97.9","2.1","0.0","2.1"
"American School for the Deaf","Non-public","139 North Main Street","West Hartford","06107","Capitol","DS","DS","DS","DS","DS","DS","DS","DS","DS","DS","DS","DS"
"Ben Bronz Academy","Non-public","11 Wampanoag Drive","West Hartford","06117","Capitol","DS","DS","DS","DS","DS","DS","DS","DS","DS","DS","DS","DS"
"Bristow Middle School","Public","34 Highland St.","West Hartford","06102","Capitol","95.2","95.2","95.2","95.2","95.2","95.2","95.2","95.2","95.2","4.8","0.0","4.8"
"Gengras Center","Public","1678 Asylum Avenue","West Hartford","06117","Capitol","DS","DS","DS","DS","DS","DS","DS","DS","DS","DS","DS","DS"
"Intensive Education Academy","Non-public","840 North Main Street","West Hartford","06117","Capitol","DS","DS","DS","DS","DS","DS","DS","DS","DS","DS","DS","DS"
"King Philip Middle School","Public","100 King Philip Dr.","West Hartford","06117","Capitol","98.6","98.6","98.6","98.2","98.2","98.2","98.6","98.2","97.1","1.4","0.0","1.4"
"Kingswood Oxford School","Non-public","170 Kingswood Road","West Hartford","06119","Capitol","100","100","100.0","100.0","100.0","100.0","100.0","100.0","100.0","0.0","0.0","0.0"
"New England Jewish Academy","Non-public","300 Bloomfield Avenue","West Hartford","06117","Capitol","DS","DS","DS","DS","DS","DS","DS","DS","DS","DS","DS","DS"
"Renbrook School","Non-public","2865 Albany Avenue","West Hartford","06117","Capitol","93.8","93.8","93.8","90.6","93.8","93.8","93.8","93.8","90.6","6.3","0.0","6.3"
"Sedgwick Middle School","Public","128 Sedgwick Rd.","West Hartford","06107","Capitol","99","98.7","99.0","98.7","99.0","98.7","98.7","98.7","98.0","1.0","0.0","1.0"
"Solomon Schechter Day School of Greater Hartford","Non-public","26 Buena Vista Road","West Hartford","06107","Capitol","DS","DS","DS","DS","DS","DS","DS","DS","DS","DS","DS","DS"
"St. Timothy Middle School","Non-public","225 King Philip Drive","West Hartford","06117","Capitol","DS","DS","DS","DS","DS","DS","DS","DS","DS","DS","DS","DS"
"Engineering - Science University Magnet School","Public","500 Boston Post Road","West Haven","06516","South Central","98.9","98.9","98.9","98.9","98.9","98.9","96.7","98.9","96.7","1.1","0.0","1.1"
"Harry M. Bailey Middle School","Public","106 Morgan Ln.","West Haven","06516","South Central","91.5","91.5","91.5","91.5","91.5","91.5","91.5","91.5","91.5","0.2","0.2","0.4"
"St. Lawrence School-West Haven","Non-public","231 Main Street","West Haven","06516","South Central","DS","DS","DS","DS","DS","DS","DS","DS","DS","DS","DS","DS"
"Westbrook Middle School","Public","154 McVeagh Rd.","Westbrook","06498","Lower CT River Valley","95.1","95.1","95.1","95.1","95.1","95.1","95.1","95.1","95.1","4.9","0.0","4.9"
"Weston Middle School","Public","135 School Rd.","Weston","06883","Western CT","93.5","93.5","93.5","93.5","93.5","93.5","93.5","93.5","93.5","6.5","0.0","6.5"
"Bedford Middle School","Public","88 North Ave.","Westport","06880","Western CT","95.8","95.8","95.8","95.8","95.8","95.8","95.8","95.8","95.8","3.8","0.4","4.2"
"Coleytown Middle School","Public","255 North Ave.","Westport","06880","Western CT","94.6","94.6","94.6","94.6","94.6","94.6","94.6","94.6","94.6","4.8","0.6","5.4"
"Greens Farms Academy","Non-public","35 Beachside Ave","Westport","06880","Western CT","96.9","96.9","96.9","96.9","96.9","96.9","96.9","95.4","95.4","3.1","0.0","3.1"
"Pierrepont School","Non-public","1 Sylvan Rd N","Westport","06880","Western","DNC","DNC","DNC","DNC","DNC","DNC","DNC","DNC","DNC","DNC","DNC","DNC"
"Corpus Christi School","Non-public","581 Silas Deane Highway","Wethersfield","06109","Capitol","DS","DS","DS","DS","DS","DS","DS","DS","DS","DS","DS","DS"
"Silas Deane Middle School","Public","551 Silas Deane Hwy.","Wethersfield","06109","Capitol","98.4","98.4","98.4","98.4","98.4","98.1","98.4","98.4","98.1","1.6","0.0","1.6"
"Hall Memorial School","Public","111 River Rd.","Willington","06279","Capitol","93.2","93.2","93.2","93.2","93.2","93.2","93.2","93.2","93.2","6.8","0.0","6.8"
"Middlebrook School","Public","131 School Rd.","Wilton","06897","Western CT","96.8","96.8","96.8","96.8","96.8","96.8","96.8","96.8","96.8","3.2","0.0","3.2"
"Schoolhouse Academy Inc.","Non-public","225 Danbury Road","Wilton","06897","Western CT","DS","DS","DS","DS","DS","DS","DS","DS","DS","DS","DS","DS"
"Westport Day School","Non-public","372 Danbury Road Suite 190","Wilton","06897","Western","DNC","DNC","DNC","DNC","DNC","DNC","DNC","DNC","DNC","DNC","DNC","DNC"
"Northwestern Regional Middle and High School","Public","100 Battistoni Dr.","Winchester","06098","Northwest Hills","93.4","94.3","94.3","94.3","94.3","94.3","91.5","91.5","90.6","5.7","0.0","5.7"
"The Gilbert School","Non-public","200 Williams Ave","Winchester","06098","Northwest Hills","95.9","95.9","95.9","95.9","95.9","95.9","94.5","94.5","94.5","4.1","0.0","4.1"
"Charles H. Barrows STEM Academy","Public","141 Tuckie Road","Windham","06256","Southeastern CT","96.7","96.7","96.7","96.7","96.7","96.7","93.3","95.0","93.3","3.3","0.0","3.3"
"Clinical Developmental, and Therapeutic Programs","Public","832 Main St","Windham","06226","Southeastern CT","DS","DS","DS","DS","DS","DS","DS","DS","DS","DS","DS","DS"
"Windham Middle School","Public","123 Quarry St.","Windham","06226","Southeastern CT","99.5","99.5","99.5","99.5","99.5","99.5","99.5","99.5","99.5","0.5","0.0","0.5"
"Academy of Aerospace and Engineering","Non-public","1101 Kennedy Road","Windsor","06095","Capitol","96.5","96.5","96.5","96.5","96.5","96.5","89.5","88.6","88.6","2.6","0.0","2.6"
"Madina Academy","Non-public","519 Palisado Ave","Windsor","06095","Capitol","DS","DS","DS","DS","DS","DS","DS","DS","DS","DS","DS","DS"
"Power & Prayer Christian School","Non-public","209 Kennedy Rd","Windsor","06095","Capitol","DS","DS","DS","DS","DS","DS","DS","DS","DS","DS","DS","DS"
"River Street School","Non-public","601 River St.","Windsor","06095","Capitol","DS","DS","DS","DS","DS","DS","DS","DS","DS","DS","DS","DS"
"Sage Park Middle School","Public","25 Sage Park Rd.","Windsor","06095","Capitol","100","100","100.0","100.0","100.0","100.0","100.0","100.0","100.0","0.0","0.0","0.0"
"St. Gabriel","Non-public","77 Bloomfield Avenue","Windsor","06095","Capitol","DNC","DNC","DNC","DNC","DNC","DNC","DNC","DNC","DNC","DNC","DNC","DNC"
"Windsor Locks Middle School","Public","7 Center St.","Windsor Locks","06096","Capitol","99.2","99.2","99.2","99.2","99.2","99.2","96.0","96.0","96.0","0.8","0.0","0.8"
"Tyrrell Middle School","Public","500 Todd Rd.","Wolcott","06716","Naugatuck Valley","100","100","100.0","100.0","100.0","100.0","100.0","100.0","100.0","0.0","0.0","0.0"
"Ezra Academy","Non-public","75 Rimmon Road","Woodbridge","06525","South Central","DNC","DNC","DNC","DNC","DNC","DNC","DNC","DNC","DNC","DNC","DNC","DNC"
"Woodbury Middle School","Public","67 Washington Ave.","Woodbury","06798","Naugatuck Valley","96.5","96.5","96.5","96.5","96.5","96.5","96.5","96.5","96.5","3.5","0.0","3.5"
"Woodstock Middle School","Public","147 B-Route 169","Woodstock","06281","Northeast CT","88.6","89.8","89.8","89.8","89.8","89.8","89.8","89.8","88.6","10.2","0.0","10.2"
